issue_id,measure,guid
E-11,CMS135FHIRACEIorARBorARNIforHF,ec508dbb-76f6-4878-b8a2-114ea8e82297
E-11,CMS135FHIRACEIorARBorARNIforHF,cba5a449-1c45-4e11-ae0b-ba3974b410f7
E-11,CMS135FHIRACEIorARBorARNIforHF,c095195c-8893-4bf1-aa7d-ad2bfd9bafa5
E-11,CMS165FHIRControllingHighBP,45e01fed-56bb-483d-a860-af3d566bda11
E-11,testE11MedicationReference,62577993-8c88-440d-ba30-d4a0a72990f9
E-12,CMS108FHIRVTEProphylaxis,182103c1-0a38-4d85-819c-148e4e105716
E-12,CMS108FHIRVTEProphylaxis,2eff6dbd-f3a2-43ee-9ad3-aab4d3b84812
E-12,CMS108FHIRVTEProphylaxis,3c854f27-5103-4367-bdef-97c3cde1edb8
E-12,CMS108FHIRVTEProphylaxis,525e73f2-77be-49b1-920f-6fc31ef38d22
E-12,CMS108FHIRVTEProphylaxis,5f739500-ee12-4662-8980-ef95d8fa74c8
E-12,CMS108FHIRVTEProphylaxis,91ff5f1a-cfdb-472d-b8c3-144f499d1ccc
E-12,CMS108FHIRVTEProphylaxis,d205878e-b861-43a8-92e8-47f680987e4d
E-12,CMS108FHIRVTEProphylaxis,ff814452-be6d-4e4b-905b-c1ae2a551645
E-15,testE15ConditionUnionPrevalence,8c3fcda1-9ed7-4725-8a66-2cdcd5f959c4
E-15,testE15Passing,124b25e9-4d11-4d0f-8077-da4df6ab9786
E-16,CMS347FHIRStatinPreventionTxCVD,1ba7b147-b701-424c-bade-4e8270547030
E-16,CMS1154ScreeningPrediabetesFHIR,bc9c82ca-72b5-41c4-a9a3-7e3860a9ac2d
E-17,CMS108FHIRVTEProphylaxis,33d162ce-3bc7-4b0a-8c04-fec0a42a6263
E-17,CMS108FHIRVTEProphylaxis,3db5c5a1-2eec-4e01-8e59-ac389a0a2179
E-17,CMS108FHIRVTEProphylaxis,41f2785f-4c4f-4497-a46b-e17fd8b5ee3f
E-17,CMS108FHIRVTEProphylaxis,5741c41a-04ec-4967-83b2-b0d746bd0ed5
E-17,CMS108FHIRVTEProphylaxis,8bb999a1-696a-497b-a5f4-aa55e146a16e
E-17,CMS108FHIRVTEProphylaxis,d9b7ffa9-ed78-484c-8880-b4cbf2b4b6a1
E-17,CMS108FHIRVTEProphylaxis,dc0dcb01-87f0-4e65-9c36-8cf6174abef1
E-17,CMS108FHIRVTEProphylaxis,dd5a1e46-1b99-45a3-b4d3-1fde205d8a11
E-12,CMS190FHIRVTEProphylaxisICU,282ae3a0-a4fd-4fed-8ce9-bff3840c7ca9
E-12,CMS190FHIRVTEProphylaxisICU,2bcbe960-db7d-4088-a574-d771baf0f9c7
E-12,CMS190FHIRVTEProphylaxisICU,4724cb2f-b5bd-4c50-85cc-4a5ba25f04ca
E-12,CMS190FHIRVTEProphylaxisICU,8ec9cf6a-2dcd-4c2e-9e2e-1ba237b66808
E-12,CMS190FHIRVTEProphylaxisICU,98d6da30-f55a-411d-94b4-359b204bcb5a
E-12,CMS190FHIRVTEProphylaxisICU,a30e5588-0e2a-487c-b4d3-15d9e0006741
E-17,CMS190FHIRVTEProphylaxisICU,a82cd0c1-900e-4ab3-a498-840ac1608486
E-12,CMS190FHIRVTEProphylaxisICU,dbfc823e-0e2f-409d-a409-2d9399db1118
E-17,CMS190FHIRVTEProphylaxisICU,f035a977-30d0-487c-b542-a596e718420c
E-12,CMS190FHIRVTEProphylaxisICU,f981eba4-4aac-45ce-8c52-f0bc02c9a0dc
E-18,testE18DateTimeCompare,ca78c4ac-c681-44ac-b6fc-3a981edd3e63
F-08,CMS69FHIRPCSBMIScreenAndFollowUp,050201c2-c2c4-46e6-8288-a34f99caebdc
F-08,CMS69FHIRPCSBMIScreenAndFollowUp,1102009b-6f05-4bab-9fd1-191e81cf50e8
F-08,CMS69FHIRPCSBMIScreenAndFollowUp,1e23fb8f-e27b-4553-a62a-f66edeb4528a
F-08,CMS69FHIRPCSBMIScreenAndFollowUp,27849d59-3cef-40bf-8338-a6ec7c0bcf81
F-08,CMS69FHIRPCSBMIScreenAndFollowUp,42e6b4d6-defc-4ec5-894f-e3333e3039a3
F-08,CMS69FHIRPCSBMIScreenAndFollowUp,461fdfab-fcc1-4630-9dae-2ba3a6ab0c25
F-08,CMS69FHIRPCSBMIScreenAndFollowUp,463dd868-997d-472f-962c-96383fd2a5c4
F-08,CMS69FHIRPCSBMIScreenAndFollowUp,7902e3dc-f3da-4cc2-9f2e-4a6c8cd33b88
F-08,CMS69FHIRPCSBMIScreenAndFollowUp,8835a50b-0a0f-4e2f-94fa-7c180cd7f905
F-08,CMS69FHIRPCSBMIScreenAndFollowUp,8e38b797-4dec-437d-8bf0-6f0fc78f8ea7
F-08,CMS69FHIRPCSBMIScreenAndFollowUp,9d92be1d-6fc8-40f2-99a0-4be9ce1f244b
F-08,CMS69FHIRPCSBMIScreenAndFollowUp,c3caf126-12a2-473f-8f51-1c7828d63d16
F-08,CMS69FHIRPCSBMIScreenAndFollowUp,c84bf29f-80ac-4bf0-beeb-404ba96a3fa8
F-08,CMS69FHIRPCSBMIScreenAndFollowUp,d4d064be-d55a-47b5-9bfd-993afebd95a5
F-08,CMS69FHIRPCSBMIScreenAndFollowUp,e0821eec-ff83-49e9-950d-9219dd3612b9
F-08,CMS69FHIRPCSBMIScreenAndFollowUp,e25fc2f1-0083-4375-8fc3-9164a5aee53d
F-08,CMS69FHIRPCSBMIScreenAndFollowUp,f5ae6269-d09b-47f8-a519-f1a8a81549fc
F-09,CMS165FHIRControllingHighBP,6f37e357-7575-4b40-a63e-4b882532250f
F-09,CMS165FHIRControllingHighBP,f2d1fd7e-35ae-45cd-86e6-8b874c3e3fb9
F-09,CMS135FHIRACEIorARBorARNIforHF,6a86918d-3f69-43c8-8863-1d0bf835a2c7
F-10,CMS1264FHIRECATREHQR,
F-10,CMS1264FHIRECATREHQR,
F-10,CMS1264FHIRECATREHQR,
F-10,CMS1264FHIRECATREHQR,
F-10,CMS1264FHIRECATREHQR,
F-10,CMS1264FHIRECATREHQR,
F-10,CMS1264FHIRECATREHQR,
F-10,CMS1264FHIRECATREHQR,
F-10,CMS1264FHIRECATREHQR,
F-10,CMS1264FHIRECATREHQR,
F-10,CMS1264FHIRECATREHQR,
F-10,CMS1264FHIRECATREHQR,
F-10,CMS1264FHIRECATREHQR,
F-10,CMS1264FHIRECATREHQR,
F-10,CMS1264FHIRECATREHQR,
F-10,CMS1264FHIRECATREHQR,
F-10,CMS1264FHIRECATREHQR,
F-10,CMS1264FHIRECATREHQR,
F-10,CMS1264FHIRECATREHQR,
F-10,CMS1264FHIRECATREHQR,
F-10,CMS1264FHIRECATREHQR,
F-10,CMS1264FHIRECATREHQR,
F-10,CMS1264FHIRECATREHQR,
F-10,CMS1264FHIRECATREHQR,
F-10,CMS1264FHIRECATREHQR,
F-10,CMS1264FHIRECATREHQR,
F-10,CMS1264FHIRECATREHQR,
F-10,CMS1264FHIRECATREHQR,
F-10,CMS1264FHIRECATREHQR,
F-10,CMS1264FHIRECATREHQR,
F-10,CMS1264FHIRECATREHQR,
F-10,CMS1264FHIRECATREHQR,
F-10,CMS1264FHIRECATREHQR,
F-10,CMS1264FHIRECATREHQR,
F-10,CMS1264FHIRECATREHQR,
F-10,CMS1264FHIRECATREHQR,
F-10,CMS1264FHIRECATREHQR,
F-10,CMS1264FHIRECATREHQR,
F-10,CMS1264FHIRECATREHQR,
F-10,CMS1264FHIRECATREHQR,
F-10,CMS1264FHIRECATREHQR,
F-10,CMS1264FHIRECATREHQR,
F-10,CMS1264FHIRECATREHQR,
F-10,CMS1264FHIRECATREHQR,
F-10,CMS1264FHIRECATREHQR,
F-10,CMS1264FHIRECATREHQR,
F-10,CMS1264FHIRECATREHQR,
F-10,CMS1264FHIRECATREHQR,
F-10,CMS1264FHIRECATREHQR,
F-10,CMS1264FHIRECATREHQR,
F-10,CMS1264FHIRECATREHQR,
F-10,CMS1264FHIRECATREHQR,
F-10,CMS1264FHIRECATREHQR,
F-10,CMS1264FHIRECATREHQR,
F-10,CMS1264FHIRECATREHQR,
F-10,CMS1264FHIRECATREHQR,
F-10,CMS1264FHIRECATREHQR,
F-10,CMS1264FHIRECATREHQR,
E-19,CMS347FHIRStatinPreventionTxCVD,8b0f2e04-8c60-4f6e-adc5-8967a540a18f
E-19,CMS347FHIRStatinPreventionTxCVD,0ba942ff-50d6-4123-ab21-adcf5fdff0df
E-19,CMS347FHIRStatinPreventionTxCVD,9edcce2d-8d32-4f4f-88a5-6fa689b73f8d
E-19,CMS347FHIRStatinPreventionTxCVD,4e72d245-e401-4be7-a743-84ab6a842871
E-19,CMS347FHIRStatinPreventionTxCVD,4d6fb0e2-636d-426f-802b-5ecb4f059440
E-19,CMS347FHIRStatinPreventionTxCVD,faae1173-bc93-4fd2-a22f-e7726430857f
E-19,CMS347FHIRStatinPreventionTxCVD,e8020421-14a3-4c64-99c4-3366c1400bd7
E-19,CMS347FHIRStatinPreventionTxCVD,d2c7d463-775a-4c8d-bcb0-35ea689b2d20
E-19,CMS347FHIRStatinPreventionTxCVD,0ce81150-5908-49a1-bef9-21406359af63
E-19,CMS347FHIRStatinPreventionTxCVD,f8563fcf-4e09-4309-841b-bcce373bc4b2
E-19,CMS347FHIRStatinPreventionTxCVD,52b48d35-f47c-4013-9cdc-700baad0fc0f
E-19,CMS347FHIRStatinPreventionTxCVD,2cff757c-4470-46a2-a685-6e23cf82c045
E-19,CMS347FHIRStatinPreventionTxCVD,08dfc736-3cb5-467c-93cf-99146604a8f4
E-19,CMS347FHIRStatinPreventionTxCVD,7b8b48b3-76d4-4492-81a1-93fdea67b0c1
E-19,CMS347FHIRStatinPreventionTxCVD,dbca4643-bd37-4e01-8024-fb7c70692fe9
E-19,CMS347FHIRStatinPreventionTxCVD,0f853b02-7949-4d97-ab69-1e48045afe95
E-19,CMS347FHIRStatinPreventionTxCVD,1116b208-af60-4f6b-a5f1-448209aec45f
E-19,CMS347FHIRStatinPreventionTxCVD,9a06f385-0bed-4f35-9af4-1ff7971c07f5
E-19,CMS347FHIRStatinPreventionTxCVD,d06256e5-091f-445e-898f-b8c31d8d3772
E-19,CMS347FHIRStatinPreventionTxCVD,3b5da2bf-0fb9-4efc-bc54-4bd329ed31af
E-19,CMS347FHIRStatinPreventionTxCVD,95ab5fd7-b1be-4dd3-ba42-1b48215fab70
E-19,CMS347FHIRStatinPreventionTxCVD,70fd1056-5313-417f-bbbe-9f2bacf942bb
E-19,CMS347FHIRStatinPreventionTxCVD,cbb6a940-7c9b-4d80-b9be-39a029f6f0b0
F-11,CMS347FHIRStatinPreventionTxCVD,6da189af-7eb0-47b0-8c77-905944706aa1
F-12,CMS347FHIRStatinPreventionTxCVD,1d3021bb-b593-4efc-af5b-320243bbe9b7
C-03,CMS986FHIRMalnutritionScore,0389dadc-9e16-4ccc-abe8-5d2b4a899319
C-03,CMS986FHIRMalnutritionScore,06aa2ec3-1620-4f65-90b0-8c5c11c91535
C-03,CMS986FHIRMalnutritionScore,08bd110c-dfda-403c-91cd-34dfc9f16dc8
C-03,CMS986FHIRMalnutritionScore,0c3b72aa-9a9b-468d-b2fb-95153a9136bc
C-03,CMS986FHIRMalnutritionScore,0c3df882-87de-42cf-a909-01d7a01eb5ad
C-03,CMS986FHIRMalnutritionScore,165d4163-b24b-416b-8b12-5a3dfca5cd4c
C-03,CMS986FHIRMalnutritionScore,19d1fe56-f3d5-45cf-a3ad-71fe4f70574d
C-03,CMS986FHIRMalnutritionScore,1ae7790b-bb1d-41d1-9454-deac8ef63ea2
C-03,CMS986FHIRMalnutritionScore,1cd7ac5b-a9f0-4fe1-8ebc-7fda2a3df2d5
C-03,CMS986FHIRMalnutritionScore,1d160b56-edd7-482f-a2e3-8acc26727f91
C-03,CMS986FHIRMalnutritionScore,1d73e231-88ed-4333-a085-86a7f1527178
C-03,CMS986FHIRMalnutritionScore,1f8f7d6b-3f4c-4479-b59a-84c89567be81
C-03,CMS986FHIRMalnutritionScore,22763f21-3a40-4c07-b4a3-3e74b95cfe54
C-03,CMS986FHIRMalnutritionScore,240aca16-2f20-4213-b02a-232cec686fe4
C-03,CMS986FHIRMalnutritionScore,250b2590-8b2a-4fc0-a725-227d9bb7556b
C-03,CMS986FHIRMalnutritionScore,2571a635-c375-4aa6-9eef-653062467e10
C-03,CMS986FHIRMalnutritionScore,2671a090-11ca-4f99-a1c9-49f44c4ec3a6
C-03,CMS986FHIRMalnutritionScore,269cb313-87d2-4531-a2ae-120c413918ed
C-03,CMS986FHIRMalnutritionScore,2be50408-23f8-454d-97e4-0fbdda2e9057
C-03,CMS986FHIRMalnutritionScore,2d70f119-a79e-4602-8840-36d26d91cdf6
C-03,CMS986FHIRMalnutritionScore,31ed0db8-1972-40ed-be78-0653f2cd9a95
C-03,CMS986FHIRMalnutritionScore,327a31a9-17cf-41ac-a6c9-10c7ccb10d77
C-03,CMS986FHIRMalnutritionScore,33c0f746-578a-4747-8f99-35c44119cebf
C-03,CMS986FHIRMalnutritionScore,342ce37f-9c12-4963-9570-878d101ff24f
C-03,CMS986FHIRMalnutritionScore,36a9b107-b6ad-48ce-8b4b-e616b2474ff8
C-03,CMS986FHIRMalnutritionScore,37b7fdb2-4aa2-4cbb-ab87-5db3cf7bcf33
C-03,CMS986FHIRMalnutritionScore,3a1145a6-7884-4c11-be4d-dd7641fd7beb
C-03,CMS986FHIRMalnutritionScore,3c815aab-4636-4cde-9677-7067261287b5
C-03,CMS986FHIRMalnutritionScore,3c8279f4-42ee-45a4-aaac-61cf53a121a2
C-03,CMS986FHIRMalnutritionScore,3d1544d6-2a0d-4e00-949f-c30783cd23fe
C-03,CMS986FHIRMalnutritionScore,46dc35fd-f1e0-46a0-8e67-8bbf5bd1cbca
C-03,CMS986FHIRMalnutritionScore,47643903-6f24-428e-a354-f4a59d006ddf
C-03,CMS986FHIRMalnutritionScore,47963aa4-4cbe-4129-b115-888542ba8b1d
C-03,CMS986FHIRMalnutritionScore,49601611-a625-48dd-a54a-e28dd3d600e7
C-03,CMS986FHIRMalnutritionScore,4d1811f1-f822-4e7c-9ab1-4752e5fafe79
C-03,CMS986FHIRMalnutritionScore,4df1538c-c20f-444c-a679-15de516ee684
C-03,CMS986FHIRMalnutritionScore,4e1967c5-7fe0-4920-97aa-28d02e117c31
C-03,CMS986FHIRMalnutritionScore,4f90847d-e626-4ebb-8382-ae1c05079579
C-03,CMS986FHIRMalnutritionScore,568283da-a161-4cb8-85d0-e2ef32e60a11
C-03,CMS986FHIRMalnutritionScore,5a29e7c9-9e30-4083-9bd2-6a05031d4387
C-03,CMS986FHIRMalnutritionScore,61c2c588-8a0f-44db-bfdb-e4ccc17641ed
C-03,CMS986FHIRMalnutritionScore,61ff8a5e-1936-4411-913f-f45f595d1ce8
C-03,CMS986FHIRMalnutritionScore,62f63de5-1a53-44d4-a980-4406db339714
C-03,CMS986FHIRMalnutritionScore,6432b1e4-0953-459f-932e-9f6a92a9fb0c
C-03,CMS986FHIRMalnutritionScore,64a7c79b-1858-4cc5-a662-b6773e796a29
C-03,CMS986FHIRMalnutritionScore,67a96ee1-da0c-4ec6-859d-da4c287c4443
C-03,CMS986FHIRMalnutritionScore,67d405db-521a-41bc-8928-ca1a4b79d40c
C-03,CMS986FHIRMalnutritionScore,6ddcc1ce-fd55-4bcf-b154-2555cbaa71ae
C-03,CMS986FHIRMalnutritionScore,70591696-5925-43a0-ba94-6f9af6613d9d
C-03,CMS986FHIRMalnutritionScore,72cacd71-fdea-4b34-91b0-04928e79222c
C-03,CMS986FHIRMalnutritionScore,756e6c64-6ee6-4e02-816c-a0612ef36bed
C-03,CMS986FHIRMalnutritionScore,75d19c2d-5ae9-476e-93f5-e84e668512a8
C-03,CMS986FHIRMalnutritionScore,78a3078e-68a7-4715-9490-60eaf10111a4
C-03,CMS986FHIRMalnutritionScore,7a61226f-6ed7-4fa9-9055-5e9b0234db9b
C-03,CMS986FHIRMalnutritionScore,7fc738cc-7bdf-4f45-8239-959c0492102b
C-03,CMS986FHIRMalnutritionScore,8090a147-702c-452a-b59d-524c2bcbaaad
C-03,CMS986FHIRMalnutritionScore,81470689-a3f6-4580-88e0-5cddc5813c79
C-03,CMS986FHIRMalnutritionScore,8269bfc3-071c-40e9-b523-07f615752097
C-03,CMS986FHIRMalnutritionScore,88000c93-b6da-4afc-be0d-43a5653485c1
C-03,CMS986FHIRMalnutritionScore,8802defe-e5c2-4fa7-81e6-107c145256c1
C-03,CMS986FHIRMalnutritionScore,8c09f733-5ece-4f90-8ed6-7574dd841d68
C-03,CMS986FHIRMalnutritionScore,8dcae048-a632-4b49-b0d1-0d9355e57078
C-03,CMS986FHIRMalnutritionScore,91c95de4-b745-4258-948d-5ce03a901e5e
C-03,CMS986FHIRMalnutritionScore,94c2361a-0926-449e-8d97-317d3db41f80
C-03,CMS986FHIRMalnutritionScore,95c5116d-15f0-4367-b467-dca152f6b43c
C-03,CMS986FHIRMalnutritionScore,96c85f39-db15-4895-a38b-9c18ea2e6cdf
C-03,CMS986FHIRMalnutritionScore,98a1289e-18e0-4606-be91-5434433cd259
C-03,CMS986FHIRMalnutritionScore,997a0126-0a02-4157-a081-53ee4013a412
C-03,CMS986FHIRMalnutritionScore,9fe3ca47-1605-4187-93a0-be6618160cc7
C-03,CMS986FHIRMalnutritionScore,a3389623-74d2-4a33-a946-08787313abf2
C-03,CMS986FHIRMalnutritionScore,a4d4b3e9-171d-456f-9282-3db4bb9852f6
C-03,CMS986FHIRMalnutritionScore,a4f53b12-e0e3-4faf-8e66-6ce8193a6477
C-03,CMS986FHIRMalnutritionScore,a589fdb4-a3c9-4374-a231-5118b8ff434c
C-03,CMS986FHIRMalnutritionScore,a646d170-0582-4930-bb7b-2b6d942ead1e
C-03,CMS986FHIRMalnutritionScore,a9aa059a-44ff-4092-a717-62ffba4ba9f3
C-03,CMS986FHIRMalnutritionScore,ab327433-5304-4665-b195-dcf90754a581
C-03,CMS986FHIRMalnutritionScore,abe408d9-f5a5-4bdc-952b-7162a2aa7d31
C-03,CMS986FHIRMalnutritionScore,ac18bf5e-8bd1-4a85-a48e-e1b27fb88950
C-03,CMS986FHIRMalnutritionScore,ac2adb48-5f93-46dc-ba35-11abf0b20c49
C-03,CMS986FHIRMalnutritionScore,ae722bd4-32c2-4e5f-a1a8-743bdd9800f6
C-03,CMS986FHIRMalnutritionScore,b06b5114-a397-433a-9b32-b9b91f54d08c
C-03,CMS986FHIRMalnutritionScore,b13bed65-b8cd-4905-b3c7-81a9c11dffc2
C-03,CMS986FHIRMalnutritionScore,b1b79c28-6fb7-4900-8332-1378089486dd
C-03,CMS986FHIRMalnutritionScore,b3ee3e77-b813-42ac-949a-5d85e3df5002
C-03,CMS986FHIRMalnutritionScore,b438eddf-9781-4236-840f-25f45be7030d
C-03,CMS986FHIRMalnutritionScore,b5c1bc9e-c944-4ea8-b570-640609906df3
C-03,CMS986FHIRMalnutritionScore,b625bf76-24fe-4114-a609-434271f750ec
C-03,CMS986FHIRMalnutritionScore,bded9082-97bf-42d0-8c35-cbf18df5938f
C-03,CMS986FHIRMalnutritionScore,bfb5338b-1ade-4488-9fdb-0cb974388e18
C-03,CMS986FHIRMalnutritionScore,c1a50cef-42e4-4473-8aa4-704e9743b1ca
C-03,CMS986FHIRMalnutritionScore,c44bb375-9561-47d1-a48d-179750f8a676
C-03,CMS986FHIRMalnutritionScore,c5dd5da0-c5e3-4504-9dda-05c729757735
C-03,CMS986FHIRMalnutritionScore,c6dfe659-1bc4-46fd-8893-ebac7a586cc6
C-03,CMS986FHIRMalnutritionScore,cf475a5c-e979-46c8-a596-8671d8a7acc5
C-03,CMS986FHIRMalnutritionScore,d5946dae-72bb-4b13-984d-ce4da0add583
C-03,CMS986FHIRMalnutritionScore,d638571a-bc86-48a8-9792-0885a26e68fc
C-03,CMS986FHIRMalnutritionScore,d7b8ad65-50f2-442f-8afc-1de38844a5ad
C-03,CMS986FHIRMalnutritionScore,da25ee5a-4502-4bf6-95fe-087bd0a2c1fd
C-03,CMS986FHIRMalnutritionScore,dade6a4b-6099-476b-b163-ae119af82b9b
C-03,CMS986FHIRMalnutritionScore,dc0b5670-62cb-4ab3-9f8e-ac2dad078c20
C-03,CMS986FHIRMalnutritionScore,dc38b27c-8138-4d45-8540-f7fe92317375
C-03,CMS986FHIRMalnutritionScore,e0747546-a821-4475-9ba3-e963ac80e963
C-03,CMS986FHIRMalnutritionScore,e0f9a2cf-7ab8-4e40-b36a-b10ce147f8a8
C-03,CMS986FHIRMalnutritionScore,e2664b2b-8c66-4621-a0c1-a95862fba95a
C-03,CMS986FHIRMalnutritionScore,e5582d8a-91d9-4234-910d-db7a6fa68785
C-03,CMS986FHIRMalnutritionScore,e7536d99-81b0-4980-b27a-037c49753a9e
C-03,CMS986FHIRMalnutritionScore,e87069c9-7889-4954-858f-33d6ad24cd7a
C-03,CMS986FHIRMalnutritionScore,eb03b6f2-c098-4428-b31e-96fc9d968947
C-03,CMS986FHIRMalnutritionScore,ebc944c4-c40a-4d80-8bb6-0cc698f07681
C-03,CMS986FHIRMalnutritionScore,eeebf78e-439d-445b-a4e1-74d3b6eaeb08
C-03,CMS986FHIRMalnutritionScore,f06bb07a-3410-410d-a859-8bd57a79cf51
C-03,CMS986FHIRMalnutritionScore,f1d12297-45c4-4984-8e28-02bf21d84efd
C-03,CMS986FHIRMalnutritionScore,f2125d25-eea4-4130-8118-6d32b7bf4690
C-03,CMS986FHIRMalnutritionScore,f3b2a15e-a120-4190-9a08-e23b61fae693
C-03,CMS986FHIRMalnutritionScore,f48547b0-823f-4d85-93d5-0b19bc8aa7ba
C-03,CMS986FHIRMalnutritionScore,f524a276-6788-435a-99f7-cd0ef48553e6
C-03,CMS986FHIRMalnutritionScore,f6a15d18-bde3-49cd-88b6-45430eb0bd42
C-03,CMS986FHIRMalnutritionScore,f7730b43-fab5-4fee-a1ba-34dd41279a20
C-03,CMS986FHIRMalnutritionScore,f7e36aca-e995-4d53-b52f-598243f38cb9
C-03,CMS986FHIRMalnutritionScore,fa4b9fb0-93e7-4f81-9a51-1cbc0814703c
C-04,CMS1017FHIRHHFI,02d5c5f5-9487-42af-bb5e-dfc3aaeb70eb
C-04,CMS1017FHIRHHFI,0653f9dc-8461-484e-a901-f17709f04776
C-04,CMS1017FHIRHHFI,0884b17b-baa4-47c0-a2b6-5849230dcf43
C-04,CMS1017FHIRHHFI,0dfafc1a-cf94-4ca1-becf-c1b843896810
C-04,CMS1017FHIRHHFI,113d43da-4cad-4907-804e-63afb7652b27
C-04,CMS1017FHIRHHFI,1ac96e3e-856c-417a-9c68-0df860ce73c8
C-04,CMS1017FHIRHHFI,1b700def-98b0-418c-b0a7-80ecb275597f
C-04,CMS1017FHIRHHFI,1e2ddc95-76d4-4be7-8273-2b35371a727b
C-04,CMS1017FHIRHHFI,25c753a7-b6b4-4335-bd7c-05b68b0324a4
C-04,CMS1017FHIRHHFI,28684639-1aa3-429c-9cac-4e8217995b13
C-04,CMS1017FHIRHHFI,3279a237-292f-47b1-9039-ba46b57e765a
C-04,CMS1017FHIRHHFI,365ed821-88d1-4459-9d32-dd4fa6426335
C-04,CMS1017FHIRHHFI,38d7ec48-dc28-4875-8f24-451ecd3dab5a
C-04,CMS1017FHIRHHFI,3c34a5af-1ef1-4b86-a41f-ac1d44e96ca0
C-04,CMS1017FHIRHHFI,3ee27450-2fd5-4930-bfbb-e718074e4087
C-04,CMS1017FHIRHHFI,404570c9-b21f-4fa2-be5d-6d02c910fea6
C-04,CMS1017FHIRHHFI,4402a9b9-3d48-4472-a000-579b7baa88fa
C-04,CMS1017FHIRHHFI,55931284-058b-4776-882c-720caddd3366
C-04,CMS1017FHIRHHFI,55b18e1a-c949-4d85-b1c5-caa91fc6ac4b
C-04,CMS1017FHIRHHFI,56d5fe48-53b2-4599-870c-58bfc4ba0145
C-04,CMS1017FHIRHHFI,58079a8d-2808-4029-b1fb-67ab4a841aa9
C-04,CMS1017FHIRHHFI,5926d62e-8eb9-4742-9bdf-efdcbd08ab7b
C-04,CMS1017FHIRHHFI,5d7d44f5-aa75-4889-89d6-e7586ac5de4a
C-04,CMS1017FHIRHHFI,5ff2713d-ca89-42ae-91bb-cba3e1d9a487
C-04,CMS1017FHIRHHFI,632475eb-a20a-43d6-baa7-f377ef8c5324
C-04,CMS1017FHIRHHFI,6442de45-b65d-4bda-8143-0e9c28d19485
C-04,CMS1017FHIRHHFI,65163106-0b19-4548-a994-f44b35e162e0
C-04,CMS1017FHIRHHFI,66ee842d-d852-42dd-928e-7f9bff5c52cd
C-04,CMS1017FHIRHHFI,6916a60d-ffa4-4d2c-8d96-73a31aa18854
C-04,CMS1017FHIRHHFI,735a7993-89b8-4b21-87c2-d5f57df0f5a8
C-04,CMS1017FHIRHHFI,7c4f1e55-2462-45e5-9062-5cf8d04b40e2
C-04,CMS1017FHIRHHFI,8045dee0-645e-497b-a5e8-ad659cdcf8c6
C-04,CMS1017FHIRHHFI,8552c09f-c2db-4069-9d15-41efafe4711a
C-04,CMS1017FHIRHHFI,8b607dee-4e17-492d-9949-0c69c10587e3
C-04,CMS1017FHIRHHFI,8b63d691-46a8-4ce6-8dee-60aea7f34f82
C-04,CMS1017FHIRHHFI,966cc666-8f6e-4d6e-93a9-0c4b6345e966
C-04,CMS1017FHIRHHFI,972573e8-bd51-4b77-a954-39babec1a055
C-04,CMS1017FHIRHHFI,9897529f-07ba-42c6-a7b2-5d856a925a6a
C-04,CMS1017FHIRHHFI,a0c41f8f-c8d9-4ae5-a07d-e87b16ae1367
C-04,CMS1017FHIRHHFI,a2b51ea0-5a72-4bda-abe5-dd393bfa0545
C-04,CMS1017FHIRHHFI,c9413f99-840f-449d-b4ab-427fb7de6aa0
C-04,CMS1017FHIRHHFI,ca728a1a-9a25-46b6-80bc-bfffae233f6c
C-04,CMS1017FHIRHHFI,d305cce9-ad3c-4259-9f9d-6026974fa847
C-04,CMS1017FHIRHHFI,d62aa527-2547-48a1-aece-d649b05c7d6e
C-04,CMS1017FHIRHHFI,e287cd76-85bd-4f51-9c41-f19551e83c14
C-04,CMS1017FHIRHHFI,e3212bfa-f3a9-4323-8993-9ef74c2f8d89
C-04,CMS1017FHIRHHFI,e6383b7c-aa91-42f7-8dc8-693a8c7dcaf3
C-04,CMS1017FHIRHHFI,e6d91b78-a66f-4fcc-a9a7-edb3d862803e
C-04,CMS1017FHIRHHFI,ea6b3f44-c6cd-4417-ae60-e97564bf24f9
C-04,CMS1017FHIRHHFI,f18417e1-5990-40b7-b927-5b50015380a2
C-04,CMS1017FHIRHHFI,f4708272-e5d3-4b6a-9431-a3cd2eb6809f
C-04,CMS1017FHIRHHFI,f771a339-74f0-4651-90f3-1c820edea547
C-04,CMS1017FHIRHHFI,f90151aa-9bd6-4c0c-bed8-5d43fe7fb8bb
C-04,CMS1017FHIRHHFI,fbbd3f4a-3e8e-40b9-ac83-0e80b2c129ec
C-04,CMS1017FHIRHHFI,fd4ea84b-cd39-4d03-9641-9ca8d10bbe67
C-05,CMS157FHIRPainIntensityQuantified,055640ae-dc71-4e1d-918b-e367013de209
C-05,CMS157FHIRPainIntensityQuantified,233d84af-d725-4682-8253-d6c4e02da0d5
C-05,CMS157FHIRPainIntensityQuantified,2c3f5ac5-6b7f-4bb8-a4fe-8faf0553b21e
C-05,CMS157FHIRPainIntensityQuantified,51d8547c-f07f-4441-b616-f458f38e4506
C-05,CMS157FHIRPainIntensityQuantified,5cca62ff-f856-4b8f-9902-6a018a4599cb
C-05,CMS157FHIRPainIntensityQuantified,66c60f6c-2a7b-4868-b9bd-5ede60b61463
C-05,CMS157FHIRPainIntensityQuantified,719a6ae4-ac86-406f-a762-380383e4a74d
C-05,CMS157FHIRPainIntensityQuantified,757c5855-602e-4c25-8783-c22afccc1618
C-05,CMS157FHIRPainIntensityQuantified,7cedf97f-741c-4c37-9ae9-40e0b8c64576
C-05,CMS157FHIRPainIntensityQuantified,837cc0e4-cc26-48cd-9d34-232d7fbcd056
C-05,CMS157FHIRPainIntensityQuantified,8e23417a-471a-45bb-b936-57466dc6592c
C-05,CMS157FHIRPainIntensityQuantified,90d3454a-ca4b-4035-a524-255a2f03bef7
C-05,CMS157FHIRPainIntensityQuantified,9972f780-aa2f-40e0-ba7d-133d7fe38bc9
C-05,CMS157FHIRPainIntensityQuantified,aa355e31-8d29-4b06-8d13-7d00a2c817da
C-05,CMS157FHIRPainIntensityQuantified,c97c9ecf-6c31-4868-bbd3-7a5509bb3882
C-05,CMS157FHIRPainIntensityQuantified,d4b441fb-5b3a-40f7-ada1-ecf06376f4fb
C-05,CMS157FHIRPainIntensityQuantified,e085c0d1-a736-4596-a5cd-7de785d0d144
C-05,CMS157FHIRPainIntensityQuantified,ede0d103-285f-42f0-807e-ff272f1ae70e
C-05,CMS157FHIRPainIntensityQuantified,fe6ef07d-bff1-4e0e-9bf4-b0424a1d0ab4
C-06,CMS816FHIRHHHypo,05c8cd12-addd-4b94-8f92-da093c556a84
C-06,CMS816FHIRHHHypo,1d2bb25a-21a7-4529-9486-a320d4864719
C-06,CMS816FHIRHHHypo,2adf5469-46a1-4020-be3b-01f91f8acc9d
C-06,CMS816FHIRHHHypo,304052f7-e416-4da4-87ae-488e6589cab3
C-06,CMS816FHIRHHHypo,339a989b-722c-4452-9d25-454e2d53eea8
C-06,CMS816FHIRHHHypo,37fd9c7e-bf9e-4769-b448-094ed97bd3e8
C-06,CMS816FHIRHHHypo,5bfa3b7e-2b6f-4eb5-b09b-7c6f1145780b
C-06,CMS816FHIRHHHypo,6bc18290-1925-4239-81d7-0118bd062225
C-06,CMS816FHIRHHHypo,8301c6c8-e50c-4457-add0-1ebd909c8ca7
C-06,CMS816FHIRHHHypo,974284eb-fc89-452a-9b38-a884c0e0477e
C-06,CMS816FHIRHHHypo,aa5f21cc-2d56-4749-a190-2828d579f790
C-06,CMS816FHIRHHHypo,ecde4132-9028-420a-aa7c-d1d14e5c1ab0
C-07,CMS871FHIRHHHyper,113a6e72-7049-4a7f-90cf-5ec3435b0dee
C-07,CMS871FHIRHHHyper,35719b1a-85bd-4072-b8d5-7218309358c6
C-07,CMS871FHIRHHHyper,48c2ed10-7c2d-4130-a215-a6f72b169111
C-07,CMS871FHIRHHHyper,4c12355d-2548-471a-a98f-b9a58c2cbfe0
C-07,CMS871FHIRHHHyper,7507debb-a991-4de0-bd71-634a684ddcd7
C-07,CMS871FHIRHHHyper,7637e69b-5481-4edf-b186-334d4367f740
C-07,CMS871FHIRHHHyper,76dc2b63-710c-4ac5-afef-f76c2ef07dcd
C-07,CMS871FHIRHHHyper,98533ccd-24ee-41b3-aab2-ef6cbf89e00d
C-07,CMS871FHIRHHHyper,a52510f5-d529-419e-97ae-3979ae9b4d9a
C-07,CMS871FHIRHHHyper,b7534abb-5837-4f38-83b1-b14e52684f84
C-07,CMS871FHIRHHHyper,b8dd3c0c-bc5c-4858-9f96-9faabbbaad45
C-07,CMS871FHIRHHHyper,c85ad9d3-e24d-47a2-a4ab-8a9b6d3bb9af
C-07,CMS871FHIRHHHyper,cb54c026-6ec9-4db5-b8ac-7cb713138ca8
C-07,CMS871FHIRHHHyper,cff9d7db-ba56-4527-8cd4-3a6412945f16
C-07,CMS871FHIRHHHyper,f4e6ce4f-8209-4f79-a9ab-2678d3e0ded8
C-07,CMS871FHIRHHHyper,fd579f44-757b-4c98-9b09-27b17b935650
C-08,CMS142FHIRCommWithDrManagingDiab,05f1e2a6-b317-42bb-827f-993ca3995f5b
C-08,CMS142FHIRCommWithDrManagingDiab,41ae0086-ac99-4a31-9546-21b054bbf7d8
C-08,CMS142FHIRCommWithDrManagingDiab,6aef5a18-59bd-4a47-80bc-2bd44636e41f
C-08,CMS142FHIRCommWithDrManagingDiab,b85440e4-b902-49cd-b3d6-363ba7a99bce
C-08,CMS142FHIRCommWithDrManagingDiab,d9840e8c-3359-42c2-b354-4b236c3c1b15
C-09,CMS819FHIRHHORAE,31b40acc-ca5f-4d1d-bd83-4b1a14eb822e
C-09,CMS819FHIRHHORAE,73b0c1fe-874b-4982-8cb2-3c30520441de
C-10,CMS159FHIRDepRemissionat12Months,491f554e-e897-40c5-ad2b-0983923df4e8
C-10,CMS159FHIRDepRemissionat12Months,96b6579c-1cee-423f-9433-a72db6fb8a0a
C-11,CMS0334FHIRPCCesareanBirth,c58acff5-248b-49c9-b18d-69e4a84a08d9
C-12,CMS1218FHIRHHRF,ea9c34ee-b50e-4d13-bd9c-ab2033d15717
C-13,CMSFHIR844HybridHospitalWideMortality,6f22a06f-7186-4db1-9310-4f907dc49ff3
C-13,CMSFHIR844HybridHospitalWideMortality,af1b9448-3e7a-4b7f-8934-15bb63258b75
E-21,CMS135FHIRACEIorARBorARNIforHF,149c3a7c-2b80-47f8-b50d-5c1d233eedb7
E-21,CMS135FHIRACEIorARBorARNIforHF,1f64a697-a90b-4aaf-a315-fa84168ac2b4
E-21,CMS135FHIRACEIorARBorARNIforHF,298d5342-fa0a-4386-bf48-b9c977a1c367
E-21,CMS135FHIRACEIorARBorARNIforHF,4bc4883f-0770-4a68-824a-5fa4dba72638
E-21,CMS135FHIRACEIorARBorARNIforHF,5b7e720f-e2fc-4779-9b1c-3f34a0241482
E-21,CMS135FHIRACEIorARBorARNIforHF,64e76766-9760-4385-a977-cbe8136ce425
E-21,CMS135FHIRACEIorARBorARNIforHF,d18e37a6-7b66-4e7c-b305-692872c13f8d
E-21,CMS135FHIRACEIorARBorARNIforHF,d297e68e-3f02-42a8-a59f-a5a4cecbd47d
E-21,CMS144FHIRHFBetaBlockerForLVSD,07efd4bb-b45d-4bfd-aeb2-08de49742d91
E-21,CMS144FHIRHFBetaBlockerForLVSD,67779bc6-07ee-42cf-8ca7-e71302915dba
E-21,CMS144FHIRHFBetaBlockerForLVSD,7b8885c5-ad14-4361-9755-c76a6e3b8530
E-21,CMS177FHIRChildMDDSuicideAssmt,85e6225c-a9bb-4338-a228-297564e38c4d
E-21,CMS22FHIRPCSBPScreeningFollowUp,0278fdf0-f067-46e8-aeb1-fb96dff3c947
E-21,CMS22FHIRPCSBPScreeningFollowUp,1f16120b-56c9-4d72-8dd4-01d8a0175d77
E-21,CMS22FHIRPCSBPScreeningFollowUp,695cee04-cf12-411e-a258-99e430093a4e
E-21,CMS22FHIRPCSBPScreeningFollowUp,86618b52-e0cc-4e90-b48c-cd64bbae8973
E-21,CMS22FHIRPCSBPScreeningFollowUp,9ed1ecf5-2d93-4bde-a293-5d5fbf209475
E-21,CMS22FHIRPCSBPScreeningFollowUp,a55c6265-a05c-4fad-beb4-c5338420d1b1
E-21,CMS22FHIRPCSBPScreeningFollowUp,ad737f80-c9ea-41fd-a142-78d9c80a9c7c
E-21,CMS22FHIRPCSBPScreeningFollowUp,afdeaa75-d332-40f2-9b30-0b6ddf7e7c14
E-21,CMS22FHIRPCSBPScreeningFollowUp,c41f9946-cb0f-4489-8367-581a5b876165
E-21,CMS22FHIRPCSBPScreeningFollowUp,dda022c0-3234-4ad7-ad6e-d696b0b57440
E-21,CMS22FHIRPCSBPScreeningFollowUp,ef9a58ac-e252-480a-bed8-2309c503587d
E-21,CMS22FHIRPCSBPScreeningFollowUp,f9417a57-54e8-4a0b-a516-ab62b8d4aae0
E-21,CMS645FHIRBoneDensityPCADTherapy,8c41481d-f89e-4113-ba12-df7c53e93d80
E-21,CMS645FHIRBoneDensityPCADTherapy,c5bfac21-0dbf-4cf5-bc92-d7eff1d0a6c6
E-21,CMS645FHIRBoneDensityPCADTherapy,d07cf359-d46c-4adf-b2d4-e02a2f43b78e
E-21,CMS71FHIRSTKAnticoagAFFlutter,0587a75d-0dcc-4c6b-bfc0-f5727342ec1f
E-21,CMS71FHIRSTKAnticoagAFFlutter,56ae006d-ab1b-428d-8614-2ccd5d962650
E-21,CMS71FHIRSTKAnticoagAFFlutter,595ebfd1-fe6a-4b4b-96a1-23a72f6a70da
E-21,CMS71FHIRSTKAnticoagAFFlutter,b29204ac-96ce-4be0-90ad-ae8ecfa4f245
E-21,CMS71FHIRSTKAnticoagAFFlutter,c640ff8f-5b2a-448e-85a2-e739af7a8dc4
E-21,CMS71FHIRSTKAnticoagAFFlutter,e20b4e76-8523-43ab-abc2-a4f4137a84bb
E-21,CMS771FHIRUrinarySymptomScoreBPH,051c5977-9f2c-4e8b-8e02-ac3ec0c718d6
E-21,CMS771FHIRUrinarySymptomScoreBPH,3ab3ac1d-9b5e-4087-8862-dcb2562fb90f
E-21,CMS771FHIRUrinarySymptomScoreBPH,4c234ec0-3f89-4d55-b767-219d1130f634
E-21,CMS771FHIRUrinarySymptomScoreBPH,9be591a0-517b-4be2-b652-a29be0c75c15
E-21,CMS771FHIRUrinarySymptomScoreBPH,bc79e5bc-237e-44be-b5fc-c5c4efb50286
E-21,CMS771FHIRUrinarySymptomScoreBPH,bf0f8968-c2c0-4416-88db-11ea3e3da968
E-21,CMS771FHIRUrinarySymptomScoreBPH,e90d90a7-3071-44de-8089-ad7b6f5f3e5d
E-21,CMS2FHIRPCSDepScreenAndFollowUp,41df0dbe-ae84-4496-b355-320ff8707a85
E-21,CMS2FHIRPCSDepScreenAndFollowUp,6aaff09e-4a7b-4efa-93f8-13033e95c230
E-21,CMS2FHIRPCSDepScreenAndFollowUp,6078e73e-3265-4022-ae63-216c096b6246
E-21,CMS2FHIRPCSDepScreenAndFollowUp,d0ba1182-26fa-4cfa-9f91-960503b7fe53
E-21,CMS2FHIRPCSDepScreenAndFollowUp,86ca7528-efcb-44ed-9203-6f21f37f4332
E-21,CMS2FHIRPCSDepScreenAndFollowUp,12786a64-c20e-4542-a4c0-bf3129d6a9e0
E-21,CMS2FHIRPCSDepScreenAndFollowUp,f29e2786-fade-4dca-b14d-7037a34ef498
E-21,CMS2FHIRPCSDepScreenAndFollowUp,0e463fc3-d1bf-4e19-882b-fad6342aa668
E-21,CMS996FHIRAptTxforSTEMI,7edab122-3af3-4172-9231-7c1470ecc1e0
E-21,CMS996FHIRAptTxforSTEMI,ccc7deaf-98b7-4dad-b190-8fee10f2cf77
E-21,CMS996FHIRAptTxforSTEMI,60823d79-b37f-4358-819f-f39b4e885c6d
E-21,CMS996FHIRAptTxforSTEMI,f6c7dbc1-9ca7-46cd-bcbe-29d8fae4e847
E-21,CMS996FHIRAptTxforSTEMI,8bb7c40b-7447-42ca-b662-161a7026ed8f
E-21,CMS646FHIRIntravesicalBCGTherapy,e648fa70-0532-49b0-92f6-dfb5a6d28d94
E-21,CMS646FHIRIntravesicalBCGTherapy,342d2bec-0acc-43e5-aaf7-3c9a65b09f91
E-21,CMS145FHIRCADBBlockerTPMIorLVSD,61306767-0e74-44b8-ac06-1339c3783355
E-21,CMS145FHIRCADBBlockerTPMIorLVSD,5fd0d626-e9c5-4e6c-a10d-1a1183fa7702
E-21,CMS145FHIRCADBBlockerTPMIorLVSD,4f4a65f4-a4c6-47e7-b37e-3ad9a9c9342e
E-21,CMS145FHIRCADBBlockerTPMIorLVSD,fd5fb311-a466-4c59-966d-48fa7aa88931
E-21,CMS145FHIRCADBBlockerTPMIorLVSD,b65680a0-9768-4ce4-b08d-972fcd84e28e
E-21,CMS104FHIRSTKDCAntithrombotic,2d54a94c-edf1-4f92-baf8-3813a8ef452d
E-21,CMS104FHIRSTKDCAntithrombotic,ac56c496-c5d6-4c23-be20-130ee8327fd2
E-21,CMS104FHIRSTKDCAntithrombotic,48952352-d74c-491c-9420-6e999e60f52a
E-21,CMS104FHIRSTKDCAntithrombotic,e081bee5-67f8-464f-9356-9b287e32a35a
E-21,CMS104FHIRSTKDCAntithrombotic,591c23ea-1ddd-4800-9203-4b6946979818
E-21,CMS104FHIRSTKDCAntithrombotic,146a6714-8663-4f45-826a-01110ff34490
E-21,CMS104FHIRSTKDCAntithrombotic,5adc911a-c2a1-475c-a347-9da4ee98c6df
E-21,CMS104FHIRSTKDCAntithrombotic,7b1ac1a8-b7be-41ec-a77f-db545af22263
E-21,CMS104FHIRSTKDCAntithrombotic,593382e8-4ad5-4300-b0ad-26c8954281c6
C-14,CMS104FHIRSTKDCAntithrombotic,0b1aa8ee-e8bf-49f5-b968-48c5a9702843
C-14,CMS104FHIRSTKDCAntithrombotic,348471db-5aaa-4bf3-a280-75222f20d599
C-14,CMS104FHIRSTKDCAntithrombotic,451b6853-3734-4c1c-b37e-5904629e0350
C-14,CMS104FHIRSTKDCAntithrombotic,c15bee15-84c1-494a-ac82-2159b06da175
C-14,CMS104FHIRSTKDCAntithrombotic,e84c89f7-3c9e-4ee9-b71a-5025aadb5990
C-14,CMS646FHIRIntravesicalBCGTherapy,10cec7db-41ae-49ad-b883-022f19d92a8b
C-14,CMS646FHIRIntravesicalBCGTherapy,ab48e0c0-6543-4537-8f00-bfcdcba7a81b
C-14,CMS71FHIRSTKAnticoagAFFlutter,017a2267-f463-47a6-8b8b-dc91465e0869
C-14,CMS71FHIRSTKAnticoagAFFlutter,9a72ea26-595f-4442-8b00-fc52ed228aa6
C-14,CMS72FHIRSTKAntithromboticDay2,2f7681fa-66b0-4395-aa35-7622e37709ae
C-14,CMS72FHIRSTKAntithromboticDay2,3432dedb-7130-4614-9283-6c1569fab90f
C-14,CMS72FHIRSTKAntithromboticDay2,5a329008-fcc1-4168-ab9c-89cb5dd6ff32
C-14,CMS72FHIRSTKAntithromboticDay2,7ddb2db9-020e-45b1-aaf5-2fbcf281d6b8
C-14,CMS72FHIRSTKAntithromboticDay2,82399522-ba6c-4997-afc9-23f55bb7da89
C-14,CMS72FHIRSTKAntithromboticDay2,a1a37483-1a67-4dd9-a8ca-b4d49a28a19d
C-14,CMS72FHIRSTKAntithromboticDay2,be5c4068-2639-4b0c-bea3-5b7c80a6fe3b
C-14,CMS72FHIRSTKAntithromboticDay2,cb7c95fc-6d6b-4e07-81e8-a79385142b94
C-14,CMS72FHIRSTKAntithromboticDay2,d496f08e-c55b-44b1-97a7-f86cf9ead1e2
C-14,CMS72FHIRSTKAntithromboticDay2,dc187313-245c-4ed6-b6bb-fcb94c117fec
C-14,CMS72FHIRSTKAntithromboticDay2,e126cdec-dbc8-4ee8-964f-e88e46c04f88
C-14,CMS72FHIRSTKAntithromboticDay2,ed638412-155e-4349-8461-4550fd4fae3b
C-14,CMS72FHIRSTKAntithromboticDay2,febd4b3e-99bc-4c55-bba9-3b2136c2160b
C-14,CMS104FHIRSTKDCAntithrombotic,a2b8327c-eaf4-4552-863e-851426e729d4
C-14,CMS145FHIRCADBBlockerTPMIorLVSD,1f70822b-c513-4c3a-8162-49f0bb9c914b
C-14,CMS156FHIRHighRiskMedsElderly,4aa75d19-ac8b-49b0-a686-429fbc033d77
C-14,CMS1028FHIRPCSevereOBComps,763d86f9-d93f-4873-8b64-8439566b242e
C-14,CMS996FHIRAptTxforSTEMI,88d99809-90d6-4cbc-a4bb-d5d73375fc81
C-14,CMS996FHIRAptTxforSTEMI,f71b56bb-42fc-4db0-aa60-6b7b91333295
E-22,CMS68FHIRDocumentationCurrentMeds,f2e2e1c0-9e35-4592-9579-72a236cb2f56
B-01,CMS190FHIRVTEProphylaxisICU,002fcec4-89ed-42be-a7b7-41fa0acddf8c
B-01,CMS104FHIRSTKDCAntithrombotic,003b2da3-b46a-4b24-91be-65ef27eef3bc
B-01,CMS347FHIRStatinPreventionTxCVD,0045ec92-0b70-4961-8a7c-41b5c43d53a1
B-01,CMS144FHIRHFBetaBlockerForLVSD,00cd231f-4460-4d84-8e04-d8b0a04d8afd
B-01,CMS1264FHIRECATREHQR,01959faf-5ea5-41cb-b960-b74da18cca85
B-01,CMS129FHIRProstCaBoneScanUse,019de843-7347-4a25-ad9e-2a4ca3a84054
B-01,CMS347FHIRStatinPreventionTxCVD,022c05d8-8337-4f1a-9d69-abb6500b1be5
B-01,NHSNAcuteCareHospitalMonthlyInitialPopulation1,025529dc-5384-4544-acb2-c2b6f7c9a23c
B-01,CMS1028FHIRPCSevereOBComps,02cdc116-49ce-4277-ad9e-de6bc2a3274d
B-01,CMS347FHIRStatinPreventionTxCVD,031e746c-9c2c-4eea-acca-a26c8862c9d5
B-01,NHSNAcuteCareHospitalMonthlyInitialPopulation1,0353da56-ca21-45d3-8f96-8954167143ae
B-01,CMS72FHIRSTKAntithromboticDay2,036c2c6b-c5b7-4e1f-8a85-ac0787e3a15d
B-01,CMS149FHIRDementiaCognitiveAssess,0405033f-c6a4-4619-93da-14c9c5613d7b
B-01,CMS1264FHIRECATREHQR,040dc7b1-27f9-43a3-82c9-b1a514db3071
B-01,CMS347FHIRStatinPreventionTxCVD,0438e6ec-b6c0-422d-b8c9-074e5f8d9af5
B-01,CMS1264FHIRECATREHQR,048b1f27-6343-4bcd-950d-e228de06aa9c
B-01,CMS149FHIRDementiaCognitiveAssess,04c67cc9-bf23-4f31-988c-8bac7e96f938
B-01,CMS771FHIRUrinarySymptomScoreBPH,051c5977-9f2c-4e8b-8e02-ac3ec0c718d6
B-01,CMS149FHIRDementiaCognitiveAssess,051c9480-438e-48d5-b91f-5f8f980b1f8b
B-01,CMS129FHIRProstCaBoneScanUse,056a27fa-04fc-45d6-bf3f-07482f8db4a8
B-01,CMS645FHIRBoneDensityPCADTherapy,05afd17d-f9a0-4588-bb3a-ffefd2f6c271
B-01,CMS72FHIRSTKAntithromboticDay2,05ec524f-1d2d-4f9e-8eaa-cc2662030fc6
B-01,CMS347FHIRStatinPreventionTxCVD,06f036ce-62f0-4807-88d2-f3f8e70d2f31
B-01,CMS135FHIRACEIorARBorARNIforHF,072be19e-9540-452c-9d7f-03c104cffa97
B-01,CMS72FHIRSTKAntithromboticDay2,072fc02e-93db-449c-a293-2e8525a49694
B-01,CMS347FHIRStatinPreventionTxCVD,078ef6a8-509f-4f36-98f3-977174636356
B-01,CMS144FHIRHFBetaBlockerForLVSD,07efd4bb-b45d-4bfd-aeb2-08de49742d91
B-01,CMS104FHIRSTKDCAntithrombotic,0852e05c-94f3-4467-ad2c-255ffc5050e9
B-01,CMS347FHIRStatinPreventionTxCVD,08a2c605-1316-4d3c-b26e-2b40a28a2e44
B-01,CMS347FHIRStatinPreventionTxCVD,08f8343e-9a9e-4ff5-b21c-1fb44e29aa9a
B-01,NHSNAcuteCareHospitalMonthlyInitialPopulation1,09431e3b-b1d9-491a-b6a3-76b3868e6213
B-01,CMS72FHIRSTKAntithromboticDay2,09a132b9-b03c-4a8d-a09f-f18c544bb660
B-01,CMS72FHIRSTKAntithromboticDay2,09a4fe70-dc7a-48ed-9b97-47f0a119eabd
B-01,CMS347FHIRStatinPreventionTxCVD,0aaae01e-d3b0-4b76-abf8-a044fd4f5d80
B-01,CMS347FHIRStatinPreventionTxCVD,0ba942ff-50d6-4123-ab21-adcf5fdff0df
B-01,CMS72FHIRSTKAntithromboticDay2,0bc6d4d8-81a0-42a2-9efb-9efbfc3ebe2a
B-01,CMS129FHIRProstCaBoneScanUse,0c0256d2-a6d4-4ed3-bd95-ac7d88108b6c
B-01,CMS72FHIRSTKAntithromboticDay2,0c8a299c-b082-4383-b0b4-aebbb0fa9fb4
B-01,CMS144FHIRHFBetaBlockerForLVSD,0d2e80d0-d70a-4eba-9bfe-23d1dfeb546e
B-01,CMS190FHIRVTEProphylaxisICU,0d48b3b3-c5f0-4955-810d-eb4f1b8714ca
B-01,CMS108FHIRVTEProphylaxis,0ddb05b5-03af-4d2a-9d9c-0be8034d1ff4
B-01,CMS347FHIRStatinPreventionTxCVD,0e334f85-c298-401d-95ab-bad7ae13ced8
B-01,CMS104FHIRSTKDCAntithrombotic,0edb029c-ae5a-492a-ad4c-79ea0f8059d4
B-01,CMS72FHIRSTKAntithromboticDay2,0eecd949-77bf-4ded-bb95-40e11c2116c7
B-01,CMS347FHIRStatinPreventionTxCVD,0f204e98-0782-43a3-ae53-b516cc8d5797
B-01,CMS347FHIRStatinPreventionTxCVD,0f853b02-7949-4d97-ab69-1e48045afe95
B-01,CMS347FHIRStatinPreventionTxCVD,1051c571-b7e4-48d1-8e77-02b1da164b73
B-01,CMS145FHIRCADBBlockerTPMIorLVSD,10a6f006-eabc-4a40-80bd-2a135e45e597
B-01,CMS871FHIRHHHyper,113a6e72-7049-4a7f-90cf-5ec3435b0dee
B-01,CMS1264FHIRECATREHQR,11703274-1218-440d-bb98-08502a794179
B-01,CMS72FHIRSTKAntithromboticDay2,11fc1901-7cc7-46c6-bbd0-58b614082170
B-01,CMS72FHIRSTKAntithromboticDay2,1216ea1e-aee7-4c75-8e5d-7f712f6ba3f7
B-01,CMS145FHIRCADBBlockerTPMIorLVSD,12fda733-0b5d-4f3d-93b2-59c35ba85898
B-01,CMS646FHIRIntravesicalBCGTherapy,132a7880-8f4a-4b0c-a7d6-3f5a8d6df0b3
B-01,CMS145FHIRCADBBlockerTPMIorLVSD,13ce1b7d-3af6-4ef3-a4ae-6cd7c3075be8
B-01,CMS347FHIRStatinPreventionTxCVD,13d790be-84c6-438c-b571-842698654db7
B-01,CMS72FHIRSTKAntithromboticDay2,144370a9-c9cf-43db-ba18-f92f4f8cec29
B-01,CMS104FHIRSTKDCAntithrombotic,146a6714-8663-4f45-826a-01110ff34490
B-01,CMS135FHIRACEIorARBorARNIforHF,149c3a7c-2b80-47f8-b50d-5c1d233eedb7
B-01,CMS72FHIRSTKAntithromboticDay2,155afb0b-baef-4e1a-8255-dd3bc96c9c0d
B-01,CMS347FHIRStatinPreventionTxCVD,15d7fcaa-773f-4888-8b13-bc077cbfdf4a
B-01,CMS104FHIRSTKDCAntithrombotic,15e67912-9913-4b22-9f1b-3e86879e1d6d
B-01,CMS347FHIRStatinPreventionTxCVD,16082e3d-b9c6-4823-87cf-d079e65f073f
B-01,CMS104FHIRSTKDCAntithrombotic,162a5913-9989-42f2-8d6a-ae460e245e4c
B-01,NHSNAcuteCareHospitalMonthlyInitialPopulation1,16acd0ee-60e7-4573-b433-5a9c335c145b
B-01,CMS1264FHIRECATREHQR,16cffb87-15ea-48b7-bd68-f211f48d6f19
B-01,CMS347FHIRStatinPreventionTxCVD,184b56d3-9ebd-4802-8e3b-cdaa95a5f50a
B-01,CMS129FHIRProstCaBoneScanUse,187cc99d-9cb5-442f-8201-3695e5358101
B-01,CMS819FHIRHHORAE,1994e69a-472b-4e32-80c1-5c692f36acce
B-01,NHSNAcuteCareHospitalMonthlyInitialPopulation1,19feaae6-8985-4444-9182-d3c785698710
B-01,CMS108FHIRVTEProphylaxis,1b450176-8caa-4133-bc9a-c066969f72ce
B-01,CMS145FHIRCADBBlockerTPMIorLVSD,1bbf669f-a5f6-4dde-a8b2-1be100394e18
B-01,NHSNAcuteCareHospitalMonthlyInitialPopulation1,1c06a652-f116-4307-80b7-342c16d20de1
B-01,CMS144FHIRHFBetaBlockerForLVSD,1d166b9e-0d11-4247-a9a8-f610f36a74f2
B-01,CMS347FHIRStatinPreventionTxCVD,1d3021bb-b593-4efc-af5b-320243bbe9b7
B-01,CMS645FHIRBoneDensityPCADTherapy,1dc53422-497d-492a-8aa4-8a165264a14d
B-01,CMS104FHIRSTKDCAntithrombotic,1ec7f3ad-fe6d-486b-829b-101ebb721824
B-01,CMS72FHIRSTKAntithromboticDay2,1ef5e77a-dea5-4f1f-873b-44ea79810330
B-01,CMS145FHIRCADBBlockerTPMIorLVSD,1f58a561-bf40-43dd-89a3-8d590013ee1c
B-01,CMS145FHIRCADBBlockerTPMIorLVSD,1f70822b-c513-4c3a-8162-49f0bb9c914b
B-01,CMS1264FHIRECATREHQR,1f8035de-4255-434e-a32f-b97039ec57ff
B-01,CMS347FHIRStatinPreventionTxCVD,20922873-db29-4914-a413-eed415e4504b
B-01,CMS771FHIRUrinarySymptomScoreBPH,2105cba2-6e61-487d-a737-3efe876028e8
B-01,CMS1264FHIRECATREHQR,21b841f6-b863-4c1d-8798-41c527b04a92
B-01,CMS1264FHIRECATREHQR,221f787f-b5b1-4e16-ab64-6ab9d3e8744f
B-01,CMS771FHIRUrinarySymptomScoreBPH,228562c7-76c5-42e1-b4b6-0b952faa75c4
B-01,CMS347FHIRStatinPreventionTxCVD,231a16e4-7d60-4e2c-943b-2f4c98994808
B-01,CMS104FHIRSTKDCAntithrombotic,2326f161-b68e-4034-91cb-4eae3c2ba587
B-01,CMS144FHIRHFBetaBlockerForLVSD,2333a56a-8346-4afc-93a2-0626a9a1ac2d
B-01,CMS144FHIRHFBetaBlockerForLVSD,23f874f8-e7e6-4bee-aa0c-140afae4ac16
B-01,CMS72FHIRSTKAntithromboticDay2,2402a44f-a5bb-4010-9045-123f5cfb976a
B-01,CMS190FHIRVTEProphylaxisICU,24068f4d-3179-4f2f-872e-02e3b362cac0
B-01,CMS129FHIRProstCaBoneScanUse,24a5102c-7e6e-4ec6-8433-737b0fe8c854
B-01,NHSNAcuteCareHospitalMonthlyInitialPopulation1,24ab1538-bc59-454b-bd24-961288f4eea8
B-01,CMS347FHIRStatinPreventionTxCVD,24acf4a1-d67f-4584-9b6b-6c8025ffcc0a
B-01,CMS190FHIRVTEProphylaxisICU,25265601-4e27-4fe0-8d35-68ebac8f9894
B-01,CMS645FHIRBoneDensityPCADTherapy,2585c4a2-7b38-48e4-9317-19ddbbcfa107
B-01,CMS646FHIRIntravesicalBCGTherapy,25bd7c4f-0cd4-4634-a84e-53377e5701f1
B-01,CMS347FHIRStatinPreventionTxCVD,26101306-010f-48c5-aa83-8a94f280f755
B-01,CMS104FHIRSTKDCAntithrombotic,264ec8d1-8e92-4b73-a6cb-e8856b22890d
B-01,CMS135FHIRACEIorARBorARNIforHF,27111f10-365a-4ec3-a918-f856c687211e
B-01,CMS347FHIRStatinPreventionTxCVD,2727681a-5857-4de1-a892-0cd4e531541c
B-01,CMS645FHIRBoneDensityPCADTherapy,27fca7ba-ef00-44ec-8d97-919908f42495
B-01,CMS135FHIRACEIorARBorARNIforHF,298d5342-fa0a-4386-bf48-b9c977a1c367
B-01,CMS190FHIRVTEProphylaxisICU,298f3f92-5047-46fc-ad92-9f27887ffc55
B-01,CMS144FHIRHFBetaBlockerForLVSD,29effff8-4b34-43a2-8619-c69f02688f41
B-01,CMS72FHIRSTKAntithromboticDay2,2a1812bc-465a-438c-934c-e85a3591512a
B-01,CMS645FHIRBoneDensityPCADTherapy,2a1d8b51-131f-4552-90f7-59ca5a7979ce
B-01,CMS645FHIRBoneDensityPCADTherapy,2ac59cce-81b8-4060-9452-9a35fe580c6a
B-01,CMS129FHIRProstCaBoneScanUse,2ae1ab8a-7ef3-407f-a218-d6b304c8c298
B-01,CMS135FHIRACEIorARBorARNIforHF,2b0d7791-29b6-4f10-b72a-b6a50667770d
B-01,CMS1264FHIRECATREHQR,2c2a7958-4d1a-4142-9360-8045067a1c5b
B-01,CMS347FHIRStatinPreventionTxCVD,2c5a09d4-18c9-4128-86fb-bd49871f9231
B-01,NHSNAcuteCareHospitalMonthlyInitialPopulation1,2ce50e7f-4e04-4d5b-9d9a-2243958c2a92
B-01,CMS129FHIRProstCaBoneScanUse,2d132665-a998-4d23-b316-3112cc046a67
B-01,CMS104FHIRSTKDCAntithrombotic,2d54a94c-edf1-4f92-baf8-3813a8ef452d
B-01,CMS145FHIRCADBBlockerTPMIorLVSD,2dbbdad5-c2dd-42a4-9f6d-f8815bc89a0a
B-01,CMS104FHIRSTKDCAntithrombotic,2e0b5b75-22d9-4607-b8fe-f31c86620554
B-01,CMS190FHIRVTEProphylaxisICU,2e1ee160-9c41-4c6f-b368-56c074cfb592
B-01,NHSNAcuteCareHospitalMonthlyInitialPopulation1,2ea03a1a-cefe-4eac-9e34-7bf434b30d2b
B-01,CMS72FHIRSTKAntithromboticDay2,2ecbb381-211e-421a-8053-21c820f33043
B-01,CMS144FHIRHFBetaBlockerForLVSD,2f695158-3d0a-42ac-b747-dc355ed01e94
B-01,CMS72FHIRSTKAntithromboticDay2,2f7681fa-66b0-4395-aa35-7622e37709ae
B-01,CMS129FHIRProstCaBoneScanUse,2fbd48f4-a5c7-4dd9-8318-745f49cc469c
B-01,CMS1264FHIRECATREHQR,2fc54731-4fd9-4884-aba5-9a8385111375
B-01,CMS104FHIRSTKDCAntithrombotic,2ffdd04b-5cee-4904-9ce8-2f68dada9941
B-01,CMS104FHIRSTKDCAntithrombotic,302f7629-15c3-4e52-86df-5677eab6770c
B-01,CMS347FHIRStatinPreventionTxCVD,3137d292-5094-49ef-82da-d9809b599030
B-01,CMS145FHIRCADBBlockerTPMIorLVSD,314e78ef-a347-41bb-bce3-4b4ed18999ad
B-01,CMS645FHIRBoneDensityPCADTherapy,319cbdd5-a6ea-437b-8162-a7af346daa63
B-01,CMS190FHIRVTEProphylaxisICU,324eb2e7-2beb-4c84-88ff-bdf9fa5d8171
B-01,CMS72FHIRSTKAntithromboticDay2,3264d587-3c02-45ff-b989-044fcc30abae
B-01,CMS645FHIRBoneDensityPCADTherapy,326c4d57-1c4e-498e-8975-ceb9913c28f8
B-01,CMS1264FHIRECATREHQR,3302c6ff-8767-4be7-9c81-f1d98351b247
B-01,CMS72FHIRSTKAntithromboticDay2,3432dedb-7130-4614-9283-6c1569fab90f
B-01,CMS104FHIRSTKDCAntithrombotic,348471db-5aaa-4bf3-a280-75222f20d599
B-01,CMS104FHIRSTKDCAntithrombotic,34d3361c-95b3-43bf-a2a8-380914e06acb
B-01,CMS347FHIRStatinPreventionTxCVD,35999af4-f52b-4e73-8f05-4bfca8dee7ec
B-01,CMS347FHIRStatinPreventionTxCVD,35d9e119-50ef-4df1-b303-f348596657ad
B-01,CMS1264FHIRECATREHQR,35fd427f-1233-4f3c-b8b3-9e400755da8f
B-01,CMS646FHIRIntravesicalBCGTherapy,362e32e9-4f68-4917-811d-7a39eedb4b66
B-01,CMS347FHIRStatinPreventionTxCVD,36408f0f-58eb-47fe-8e64-1b98e47e5c36
B-01,NHSNAcuteCareHospitalMonthlyInitialPopulation1,36e30d76-0d86-4b72-ba89-4ebaacf48b31
B-01,CMS1173FHIRDiagnosticDelayVTE,3739ae38-6a2c-4197-bda6-e493c9df60e3
B-01,CMS144FHIRHFBetaBlockerForLVSD,37e926e5-d9d4-4066-b991-e9b3d58fd8ca
B-01,CMS72FHIRSTKAntithromboticDay2,388557b1-cf25-4750-88b2-751e475b433f
B-01,CMS347FHIRStatinPreventionTxCVD,38aac591-8983-4d7c-b29e-c8d145e7ffaa
B-01,CMS646FHIRIntravesicalBCGTherapy,38ed8b42-1631-4673-aa53-6d2a4db163f3
B-01,CMS347FHIRStatinPreventionTxCVD,39d8c5d6-d3ed-4cfe-b62c-c8e57a45508f
B-01,CMS135FHIRACEIorARBorARNIforHF,3a4004a0-b352-488d-8c18-8fd023308646
B-01,CMS771FHIRUrinarySymptomScoreBPH,3ab3ac1d-9b5e-4087-8862-dcb2562fb90f
B-01,CMS72FHIRSTKAntithromboticDay2,3ab85f43-dd45-4827-8f13-ad9d1208d2e0
B-01,CMS135FHIRACEIorARBorARNIforHF,3b1c14dc-b18c-40d9-b848-c750ea4ffe5e
B-01,CMS347FHIRStatinPreventionTxCVD,3b5da2bf-0fb9-4efc-bc54-4bd329ed31af
B-01,CMS645FHIRBoneDensityPCADTherapy,3bbbeb07-97d4-4f25-936f-a0c1e81303e0
B-01,CMS347FHIRStatinPreventionTxCVD,3c4aa676-8ef0-415c-a71e-09289d57cbfa
B-01,CMS1028FHIRPCSevereOBComps,3d4b6868-31ce-42f8-87c1-ab06d851d53f
B-01,CMS104FHIRSTKDCAntithrombotic,3da60e55-4952-4341-b2eb-a79707f4ec3e
B-01,CMS347FHIRStatinPreventionTxCVD,3e09af44-0445-4077-b73c-6896fdbe49c5
B-01,NHSNAcuteCareHospitalMonthlyInitialPopulation1,3e86234e-4999-4e8e-a4a2-420d1343b079
B-01,CMS104FHIRSTKDCAntithrombotic,3f089430-0edb-485d-9844-b2c58fb715e2
B-01,CMS72FHIRSTKAntithromboticDay2,3fbd6ec2-8d40-45e7-90d7-747d7c491c1a
B-01,CMS129FHIRProstCaBoneScanUse,402afca0-63e5-4ede-9110-fef8edbba947
B-01,CMS1264FHIRECATREHQR,404c928b-a752-4792-91c4-8a1fd0656759
B-01,CMS145FHIRCADBBlockerTPMIorLVSD,40500bf1-592a-4afd-8b0d-cc1fe3947190
B-01,CMS347FHIRStatinPreventionTxCVD,40aa228f-ff55-4653-8bbe-125dc0fb5983
B-01,CMS145FHIRCADBBlockerTPMIorLVSD,40b4796d-dba8-4232-8cb4-8daf5d13a554
B-01,NHSNGlycemicControlHypoglycemiaInitialPopulation,40b66b90-4811-4f6f-8eec-c46d1a5e6eeb
B-01,CMS347FHIRStatinPreventionTxCVD,4120512a-d0f4-4ffa-acd9-0191db3b7f46
B-01,CMS71FHIRSTKAnticoagAFFlutter,4151585a-f621-4de5-91df-4e4227e2165e
B-01,CMS144FHIRHFBetaBlockerForLVSD,426369f7-d9ec-4923-8628-465229c5f958
B-01,CMS1264FHIRECATREHQR,42be9d46-4c2f-4493-8299-d33dcbb7170e
B-01,CMS22FHIRPCSBPScreeningFollowUp,435d23cc-57ef-4f7f-aec3-c7ef524d5cd1
B-01,CMS144FHIRHFBetaBlockerForLVSD,442a40d5-a18e-434b-ad30-7760e73adac2
B-01,CMS645FHIRBoneDensityPCADTherapy,449eb3e6-3c46-439c-95cd-125aadd27e82
B-01,CMS104FHIRSTKDCAntithrombotic,48952352-d74c-491c-9420-6e999e60f52a
B-01,CMS1028FHIRPCSevereOBComps,4911c0c6-22e1-45ad-b39d-7e4d88c200d8
B-01,NHSNAcuteCareHospitalMonthlyInitialPopulation1,4974042e-fff4-4a3d-905e-548c6593ce40
B-01,CMS129FHIRProstCaBoneScanUse,49c6ee4d-15cd-422c-a511-b7ba3d55b1f6
B-01,CMS145FHIRCADBBlockerTPMIorLVSD,4a3086cd-63f3-41c3-8ce9-f75b4b18b85c
B-01,CMS645FHIRBoneDensityPCADTherapy,4a7a2cf4-6073-47a0-9012-ea9b32e6e9db
B-01,CMS72FHIRSTKAntithromboticDay2,4b6a9c86-3aad-4828-be61-bab6cd0c3140
B-01,CMS135FHIRACEIorARBorARNIforHF,4bc4883f-0770-4a68-824a-5fa4dba72638
B-01,CMS771FHIRUrinarySymptomScoreBPH,4c234ec0-3f89-4d55-b767-219d1130f634
B-01,CMS129FHIRProstCaBoneScanUse,4c552455-4056-4466-af06-298b4399c6f7
B-01,CMS347FHIRStatinPreventionTxCVD,4c8a6a20-c5cc-496b-950f-68d6997bf4d1
B-01,NHSNAcuteCareHospitalMonthlyInitialPopulation1,4c8f4dd1-193e-4239-80ac-63e9ac2bd053
B-01,CMS1264FHIRECATREHQR,4c95d881-2e7e-4e81-bb4c-b1ae680ff286
B-01,CMS135FHIRACEIorARBorARNIforHF,4cc0d4b2-9c45-4f7d-9dd9-b8588b27e2f1
B-01,CMS144FHIRHFBetaBlockerForLVSD,4d13ba5c-740b-4263-ae55-3a40a3f73846
B-01,NHSNAcuteCareHospitalMonthlyInitialPopulation1,4d192f80-7649-4afd-a842-528ef60fc904
B-01,CMS190FHIRVTEProphylaxisICU,4d76c150-b6a5-4a1a-8801-81c24ce398b7
B-01,CMS104FHIRSTKDCAntithrombotic,4d94ffcd-39a0-4e40-83c1-6093ff82d641
B-01,CMS145FHIRCADBBlockerTPMIorLVSD,4e2ad83d-ea31-45e7-92cb-07fe319aaf38
B-01,CMS129FHIRProstCaBoneScanUse,4e7be08e-1f6f-4d44-bdd2-807439ce367a
B-01,CMS1028FHIRPCSevereOBComps,4e9a1928-a33f-4be3-aa05-c69e9fc4bff7
B-01,CMS145FHIRCADBBlockerTPMIorLVSD,4e9c7cf3-c1ae-4110-9ead-86fadfbbf3e4
B-01,CMS347FHIRStatinPreventionTxCVD,4ea5e47c-48de-4f1f-a7bb-499753983f9b
B-01,CMS145FHIRCADBBlockerTPMIorLVSD,4f4a65f4-a4c6-47e7-b37e-3ad9a9c9342e
B-01,CMS72FHIRSTKAntithromboticDay2,4f8b0ca2-baf1-4ce6-8b9a-c3220097cf7c
B-01,CMS1264FHIRECATREHQR,50270eff-f1ed-4cb3-b22b-467d89937c3a
B-01,CMS347FHIRStatinPreventionTxCVD,50c7b2fc-879b-4088-88bf-36a9f8c0baf0
B-01,CMS108FHIRVTEProphylaxis,52790be5-0f6e-4ebd-85f5-57f35db8b56b
B-01,CMS129FHIRProstCaBoneScanUse,528c61cc-7733-4dfe-aa51-61652a12b2a9
B-01,CMS104FHIRSTKDCAntithrombotic,52a258e1-0a79-4bb7-8f50-1aa519aa4e00
B-01,CMS347FHIRStatinPreventionTxCVD,52b48d35-f47c-4013-9cdc-700baad0fc0f
B-01,CMS771FHIRUrinarySymptomScoreBPH,5339dd62-76a1-43b3-9965-d8b61478236a
B-01,CMS347FHIRStatinPreventionTxCVD,5355d1bc-f8b4-4063-945a-0717e9530281
B-01,CMS347FHIRStatinPreventionTxCVD,537d14db-6ced-4cd2-9553-e88bd6551771
B-01,CMS1264FHIRECATREHQR,540b665b-e89c-466a-9ef8-758b3883a37c
B-01,CMS108FHIRVTEProphylaxis,543248c8-b6af-407d-b435-7e867c4770b4
B-01,CMS72FHIRSTKAntithromboticDay2,54381296-da32-4474-85b7-209d99c52e7e
B-01,CMS129FHIRProstCaBoneScanUse,54b4b9a9-00fd-453f-b8c1-61c324fa68da
B-01,CMS144FHIRHFBetaBlockerForLVSD,559a2377-0faa-44f8-bf81-bbf3df4d3edf
B-01,NHSNAcuteCareHospitalMonthlyInitialPopulation1,55f7d07e-a8ec-4abf-9bb3-b9b3f81d38d5
B-01,CMS72FHIRSTKAntithromboticDay2,5736982d-6c82-4815-b0d2-3416ebe105f4
B-01,CMS506FHIRSafeUseofOpioids,57da77da-de92-4ef5-9311-1d86e67c9de4
B-01,CMS72FHIRSTKAntithromboticDay2,58169ea2-037f-4302-9c37-4239fe24f73d
B-01,CMS144FHIRHFBetaBlockerForLVSD,5914457a-816c-43fe-86da-07fcc42ebe61
B-01,CMS104FHIRSTKDCAntithrombotic,591c23ea-1ddd-4800-9203-4b6946979818
B-01,CMS104FHIRSTKDCAntithrombotic,593382e8-4ad5-4300-b0ad-26c8954281c6
B-01,CMS347FHIRStatinPreventionTxCVD,59715b85-2d66-4627-ad73-d91e5862cb5b
B-01,CMS645FHIRBoneDensityPCADTherapy,59743016-0222-4c22-bda3-48fa09e5ceb9
B-01,CMS129FHIRProstCaBoneScanUse,597f0a09-29f9-4141-804a-56a1fca5352e
B-01,CMS347FHIRStatinPreventionTxCVD,59d6bb14-b82e-4295-baf1-d96be73e1e38
B-01,CMS72FHIRSTKAntithromboticDay2,5a329008-fcc1-4168-ab9c-89cb5dd6ff32
B-01,CMS145FHIRCADBBlockerTPMIorLVSD,5a85d133-acfb-40fa-a3ab-0c557d21e67c
B-01,CMS144FHIRHFBetaBlockerForLVSD,5adba588-db7d-4921-be95-4fb872be59de
B-01,CMS104FHIRSTKDCAntithrombotic,5adc911a-c2a1-475c-a347-9da4ee98c6df
B-01,CMS72FHIRSTKAntithromboticDay2,5adf0120-b2f5-415f-b1ff-1684d9f4af7a
B-01,CMS1264FHIRECATREHQR,5ae9589c-1301-45a0-af30-ac7b679b649f
B-01,CMS104FHIRSTKDCAntithrombotic,5aee33a0-e42c-4a79-97b7-40e7ac8b270e
B-01,CMS347FHIRStatinPreventionTxCVD,5b37b5a5-0e28-4b28-9889-8878d41ff9cf
B-01,CMS135FHIRACEIorARBorARNIforHF,5b7e720f-e2fc-4779-9b1c-3f34a0241482
B-01,CMS347FHIRStatinPreventionTxCVD,5bbad8cc-56b9-4802-a5da-7de376a461f0
B-01,CMS347FHIRStatinPreventionTxCVD,5cebab0f-d32e-4adc-bef3-90812d6c5819
B-01,CMS347FHIRStatinPreventionTxCVD,5d926cc3-70dc-4c82-9513-d39f01765baf
B-01,CMS129FHIRProstCaBoneScanUse,5dfa0337-c807-4847-8960-94fe1718ae1d
B-01,CMS645FHIRBoneDensityPCADTherapy,5e4e034a-475f-476a-a8f7-cb0d361508ab
B-01,CMS506FHIRSafeUseofOpioids,5e76e39a-8a30-4035-8d44-3362f4826aa7
B-01,CMS144FHIRHFBetaBlockerForLVSD,5e965079-8e53-4011-b4e8-cb3829257450
B-01,NHSNAcuteCareHospitalMonthlyInitialPopulation1,5efcd4e7-f71b-48a6-badb-b1b88c02f161
B-01,CMS1264FHIRECATREHQR,5fb0b78c-ffd3-47c3-91a3-252bc4a70177
B-01,CMS145FHIRCADBBlockerTPMIorLVSD,5fd0d626-e9c5-4e6c-a10d-1a1183fa7702
B-01,CMS108FHIRVTEProphylaxis,610c90c9-f387-40f8-9bd7-710d20dfd6f0
B-01,CMS145FHIRCADBBlockerTPMIorLVSD,61306767-0e74-44b8-ac06-1339c3783355
B-01,CMS771FHIRUrinarySymptomScoreBPH,623a7f40-c265-4e42-a5c5-6f54e20b19df
B-01,CMS1264FHIRECATREHQR,6252a858-2362-4c63-8d7d-6db0b7ac9299
B-01,CMS1264FHIRECATREHQR,63cea3d6-d2e0-4736-a035-87633ca960bd
B-01,NHSNAcuteCareHospitalMonthlyInitialPopulation1,6409f1eb-d338-4bf6-a3df-4da1eb997c48
B-01,CMS145FHIRCADBBlockerTPMIorLVSD,641aaa7a-d227-475a-a648-9c048522b62f
B-01,CMS72FHIRSTKAntithromboticDay2,64a75df8-8bed-49ea-9c90-ee3569d233df
B-01,CMS771FHIRUrinarySymptomScoreBPH,6552cc29-c4e2-441f-9ae5-41d3a2f5aea4
B-01,CMS347FHIRStatinPreventionTxCVD,65c0a8c4-c562-4f73-a534-d7f7a976e42f
B-01,CMS104FHIRSTKDCAntithrombotic,65ef54b4-48ea-4fc0-a9a7-79b3be807393
B-01,CMS1264FHIRECATREHQR,666528ac-0d94-4b09-8e6c-c5930b7dd17c
B-01,CMS72FHIRSTKAntithromboticDay2,6678ed6f-3c94-4630-a7c5-d35a003b4535
B-01,CMS1264FHIRECATREHQR,66803f75-5dc5-43fb-9844-f18d765a64ec
B-01,CMS144FHIRHFBetaBlockerForLVSD,66ef197c-3807-41cf-acd0-f188836e2762
B-01,CMS129FHIRProstCaBoneScanUse,675ba5dd-80e3-4a2b-bd96-0b0ae9df1533
B-01,CMS144FHIRHFBetaBlockerForLVSD,67779bc6-07ee-42cf-8ca7-e71302915dba
B-01,CMS190FHIRVTEProphylaxisICU,67df96df-45ff-4387-bc4d-04055a95483f
B-01,CMS149FHIRDementiaCognitiveAssess,67e19058-917d-43f8-98d3-d16730fc7d32
B-01,CMS145FHIRCADBBlockerTPMIorLVSD,68c4dacc-cb3c-423b-9fde-899dfd05b5f6
B-01,CMS145FHIRCADBBlockerTPMIorLVSD,6919fd23-aa69-4a1a-a07e-4752cdc53f46
B-01,CMS347FHIRStatinPreventionTxCVD,694248de-4f73-4557-816b-f6a932f15793
B-01,CMS145FHIRCADBBlockerTPMIorLVSD,69f6fe89-2983-4d35-a12a-b1ae92cc9c2f
B-01,CMS135FHIRACEIorARBorARNIforHF,6a86918d-3f69-43c8-8863-1d0bf835a2c7
B-01,CMS104FHIRSTKDCAntithrombotic,6abe0474-e60b-438d-b661-4be178e6b4bd
B-01,CMS72FHIRSTKAntithromboticDay2,6bbc3f38-7f5f-4da9-9beb-eb32874fd1ed
B-01,CMS1188FHIRHIVSTITesting,6c08efb1-922f-4e66-98bc-0de25182e723
B-01,CMS145FHIRCADBBlockerTPMIorLVSD,6cf089cd-0c1a-4e4f-b8d9-11c0db757c4b
B-01,CMS104FHIRSTKDCAntithrombotic,6cf51e7c-99f4-4c6d-9b1c-6e371c96b742
B-01,CMS104FHIRSTKDCAntithrombotic,6e82e823-f955-43fa-8b8a-b9cd4ae27778
B-01,NHSNAcuteCareHospitalMonthlyInitialPopulation1,70306180-c713-4fa4-9c39-ae3b15e15d22
B-01,CMS144FHIRHFBetaBlockerForLVSD,704612ca-2d86-4f6b-88d6-d8f3e9cb031f
B-01,CMS108FHIRVTEProphylaxis,70a5b41a-14ac-4e08-b661-d5523ad80fbf
B-01,CMS72FHIRSTKAntithromboticDay2,70e86911-43d6-41de-bfb9-933d8f539b98
B-01,CMS347FHIRStatinPreventionTxCVD,70fd1056-5313-417f-bbbe-9f2bacf942bb
B-01,CMS145FHIRCADBBlockerTPMIorLVSD,7111ea79-9b4a-4452-86cf-22b8852bc5eb
B-01,CMS771FHIRUrinarySymptomScoreBPH,71846c52-343b-4e31-95e1-b1f44cca0128
B-01,CMS144FHIRHFBetaBlockerForLVSD,71dd3794-ce93-473b-8d90-9d68c0dac6d8
B-01,CMS145FHIRCADBBlockerTPMIorLVSD,72845b60-dc5c-4a93-8b86-2caca155cd9c
B-01,CMS104FHIRSTKDCAntithrombotic,728a543b-9149-4b2a-9e65-3fb41ce3f35b
B-01,CMS144FHIRHFBetaBlockerForLVSD,729c5ee9-d55f-47f2-aee1-d8d9fb25fe38
B-01,CMS645FHIRBoneDensityPCADTherapy,72a0fde9-7145-4b6c-ac08-75d41d04f910
B-01,CMS72FHIRSTKAntithromboticDay2,7317795b-638b-4d0c-9e9e-b55ade45958c
B-01,CMS108FHIRVTEProphylaxis,73673965-9b35-446e-bad7-1701991e6906
B-01,CMS1264FHIRECATREHQR,74855a5c-bb3b-438a-9eb9-7fdc1994d06d
B-01,CMS646FHIRIntravesicalBCGTherapy,7488d3a7-f4e1-445f-8375-d3fff29f080d
B-01,CMS347FHIRStatinPreventionTxCVD,759a89b4-51ed-4622-adae-6b0930701ebb
B-01,CMS145FHIRCADBBlockerTPMIorLVSD,75fc7993-6b07-49f8-a8aa-747dfcbb3d8f
B-01,CMS72FHIRSTKAntithromboticDay2,763c581d-7398-47e7-ba78-eaa5853df551
B-01,CMS1188FHIRHIVSTITesting,77973e2d-625a-4c4f-aa69-2c716af0ad3c
B-01,CMS72FHIRSTKAntithromboticDay2,77a6cd7b-4322-4c29-b248-64d8af106ce7
B-01,CMS645FHIRBoneDensityPCADTherapy,77b28b84-d0aa-4aa8-9a07-2922938394de
B-01,CMS72FHIRSTKAntithromboticDay2,77bba430-02fc-4ac7-ab49-f57fd73daa9b
B-01,CMS108FHIRVTEProphylaxis,77c1bf41-fce8-4044-9eeb-c205b8fdc0a9
B-01,CMS1264FHIRECATREHQR,78cbc6ac-f30d-404b-b539-6b903c7cfeba
B-01,CMS646FHIRIntravesicalBCGTherapy,790f8993-7a03-4ed7-94d7-c0e95587afa0
B-01,CMS144FHIRHFBetaBlockerForLVSD,798bb898-32dc-4f83-b700-792efe0a65db
B-01,CMS72FHIRSTKAntithromboticDay2,79a2dd53-a342-41d9-a5c9-1b565bd06fe7
B-01,CMS145FHIRCADBBlockerTPMIorLVSD,79e4e453-f52d-41a1-a86b-4229a89733c4
B-01,CMS72FHIRSTKAntithromboticDay2,79f6bb60-1bdb-4dff-857d-65311e9ccea5
B-01,CMS347FHIRStatinPreventionTxCVD,7a273d18-942a-40d1-9bf6-a12275337aae
B-01,CMS72FHIRSTKAntithromboticDay2,7abd0282-c461-4c61-9669-f261a689f485
B-01,CMS104FHIRSTKDCAntithrombotic,7b1ac1a8-b7be-41ec-a77f-db545af22263
B-01,CMS144FHIRHFBetaBlockerForLVSD,7b8885c5-ad14-4361-9755-c76a6e3b8530
B-01,CMS347FHIRStatinPreventionTxCVD,7bc28f33-e1e6-4122-8a38-e9c36685a6ba
B-01,NHSNGlycemicControlHypoglycemiaInitialPopulation,7bcb6920-f361-4121-82a5-31fed13e65d6
B-01,CMS1264FHIRECATREHQR,7bcd79b7-7898-437d-b563-cfb9068df210
B-01,CMS1264FHIRECATREHQR,7bee402e-2687-4813-9b39-37d723663d18
B-01,CMS104FHIRSTKDCAntithrombotic,7c3ee345-c9da-4ce2-97e8-727de2e5023a
B-01,CMS72FHIRSTKAntithromboticDay2,7ce35cc8-ed8f-46f0-9ba1-8421a760bdc8
B-01,CMS645FHIRBoneDensityPCADTherapy,7d6436cb-995e-4672-b5bb-04cb996b2949
B-01,CMS72FHIRSTKAntithromboticDay2,7d9affce-5c31-4fcb-b9e5-c0304c3f9406
B-01,CMS645FHIRBoneDensityPCADTherapy,7dada0a7-61dd-4375-9863-38d08bd6d676
B-01,CMS1264FHIRECATREHQR,7dd19e80-23c6-4e31-86a9-bb833cfc676b
B-01,CMS72FHIRSTKAntithromboticDay2,7ddb2db9-020e-45b1-aaf5-2fbcf281d6b8
B-01,CMS104FHIRSTKDCAntithrombotic,7e22eabf-ac1f-4209-a8f6-dcc8b548b71c
B-01,CMS72FHIRSTKAntithromboticDay2,7e3bf20a-7a5b-4d50-aa34-267ab19da7b2
B-01,NHSNAcuteCareHospitalMonthlyInitialPopulation1,7f26eb5a-f877-458b-b960-5de7ffa5b4d0
B-01,CMS771FHIRUrinarySymptomScoreBPH,7f62a1c0-a39c-41b7-98b6-5877db9755b0
B-01,CMS145FHIRCADBBlockerTPMIorLVSD,7fb4cb03-569b-4c0a-8898-abe49d609c0e
B-01,CMS1264FHIRECATREHQR,7fbb7e37-228b-4b3b-8974-871a3e798720
B-01,CMS144FHIRHFBetaBlockerForLVSD,7fc4e721-68e5-4ed8-ab41-b5fb0d1ff43a
B-01,CMS1264FHIRECATREHQR,7fd4f9cd-8fbb-4935-9bfd-959c538166b2
B-01,CMS645FHIRBoneDensityPCADTherapy,8068a81d-feca-4719-aa75-cb45df5428e7
B-01,CMS506FHIRSafeUseofOpioids,81dc5bb4-3273-492a-beff-2f7b0394f3c8
B-01,CMS347FHIRStatinPreventionTxCVD,821087e5-a030-49ac-95b5-5b9ab38e88da
B-01,CMS72FHIRSTKAntithromboticDay2,82399522-ba6c-4997-afc9-23f55bb7da89
B-01,CMS72FHIRSTKAntithromboticDay2,82fd75d8-4816-4d24-b18c-0e454c430eb5
B-01,CMS129FHIRProstCaBoneScanUse,830e69d7-3820-46d6-9222-9d79323d0194
B-01,CMS771FHIRUrinarySymptomScoreBPH,836cdd6c-bc29-4752-9beb-c336d26f0ed2
B-01,CMS996FHIRAptTxforSTEMI,83e7cc74-5ae5-4fb9-922f-15faa555890a
B-01,CMS72FHIRSTKAntithromboticDay2,844d9440-ab79-4206-9893-bcf9a786970e
B-01,CMS771FHIRUrinarySymptomScoreBPH,844dab9e-f34d-41dc-bd89-1440551471a6
B-01,CMS104FHIRSTKDCAntithrombotic,8493a3fb-9501-4aa2-83a3-39fbafa6644c
B-01,CMS144FHIRHFBetaBlockerForLVSD,84b7f540-8e30-41e8-9691-f9ccd6924e0d
B-01,CMS129FHIRProstCaBoneScanUse,84ed0de7-7cfb-4ac3-96a3-3c854eff391a
B-01,CMS129FHIRProstCaBoneScanUse,8559361b-b9c4-4819-88ea-985c27c2ad51
B-01,CMS347FHIRStatinPreventionTxCVD,86bacb29-41c3-4ea8-8e4b-3e13c075e557
B-01,CMS645FHIRBoneDensityPCADTherapy,878aa680-2642-45b8-b103-5ef96188b5ea
B-01,CMS347FHIRStatinPreventionTxCVD,87b32275-37d7-4adf-afa4-8a4518964de0
B-01,CMS104FHIRSTKDCAntithrombotic,87b7df35-0de4-4c6a-a030-8afac02454f2
B-01,CMS72FHIRSTKAntithromboticDay2,8873f644-9b17-4ee1-9152-8c77c7374bd1
B-01,CMS104FHIRSTKDCAntithrombotic,88c4fed3-bef0-450a-b9ff-d736d4568838
B-01,CMS72FHIRSTKAntithromboticDay2,89275dc4-f4c1-41b5-a215-9c7228933cc0
B-01,NHSNAcuteCareHospitalMonthlyInitialPopulation1,8a407b28-6668-43be-9148-31ed08b8c0c4
B-01,CMS347FHIRStatinPreventionTxCVD,8b0f2e04-8c60-4f6e-adc5-8967a540a18f
B-01,CMS771FHIRUrinarySymptomScoreBPH,8bb45bbf-4685-45ed-ab5d-004f87214748
B-01,CMS347FHIRStatinPreventionTxCVD,8c357499-cb9a-41c9-9060-1bbbefb0fd7e
B-01,CMS645FHIRBoneDensityPCADTherapy,8c41481d-f89e-4113-ba12-df7c53e93d80
B-01,CMS144FHIRHFBetaBlockerForLVSD,8c717fb3-e820-44c6-b4ef-e9a7f46cd85b
B-01,CMS129FHIRProstCaBoneScanUse,8d89307b-7ec1-4262-93cc-e1b4ef76e326
B-01,CMS190FHIRVTEProphylaxisICU,8de031c4-05db-42db-b0e5-902696c6e495
B-01,CMS104FHIRSTKDCAntithrombotic,8e28076e-2fc9-4170-95e9-a4de9e04fd5e
B-01,CMS1264FHIRECATREHQR,8e43bc64-4242-494d-b47f-fdbbd3372bbe
B-01,CMS129FHIRProstCaBoneScanUse,8fabf398-d258-4613-b8d8-12bcbc273dc8
B-01,CMS145FHIRCADBBlockerTPMIorLVSD,8fc3dac2-816b-4ef2-b14c-85264bb3f2c4
B-01,NHSNAcuteCareHospitalMonthlyInitialPopulation1,8ffa77ff-8591-442d-84b1-6c6cb86fd09e
B-01,CMS108FHIRVTEProphylaxis,900f47c2-3615-4ffe-a9e0-3e7e70469ffb
B-01,CMS144FHIRHFBetaBlockerForLVSD,9038ae82-f60c-467a-94b4-76e644e707e3
B-01,CMS1264FHIRECATREHQR,9098f676-4f4e-402c-80e3-331aabb6d414
B-01,CMS0334FHIRPCCesareanBirth,912e076d-3b5d-46cc-b2cb-c78172b295a3
B-01,CMS1264FHIRECATREHQR,91d5385d-09ac-4206-b009-0c7feffc22ff
B-01,CMS645FHIRBoneDensityPCADTherapy,92e567b3-9d68-4c50-9be6-36e0ca7b96f5
B-01,CMS819FHIRHHORAE,93064568-a739-403d-853f-a3150bd8f752
B-01,CMS104FHIRSTKDCAntithrombotic,93459ee6-e397-477e-b7da-250fb75f5974
B-01,CMS145FHIRCADBBlockerTPMIorLVSD,9377a6c4-cb7a-4e87-a8b2-c598a5b0e2df
B-01,CMS72FHIRSTKAntithromboticDay2,93798745-af1c-4eb6-8dc4-446a531c05a4
B-01,CMS347FHIRStatinPreventionTxCVD,93aea3e2-4736-4be0-830f-54c1ef6df6d5
B-01,CMS645FHIRBoneDensityPCADTherapy,959743cc-af58-48ff-afa3-68428e69f0f5
B-01,CMS347FHIRStatinPreventionTxCVD,95fad34f-db86-4e4a-a8a2-42a3b7ac15dc
B-01,CMS72FHIRSTKAntithromboticDay2,96266910-a2b3-4294-9dc5-8a812622b70b
B-01,CMS104FHIRSTKDCAntithrombotic,964f8143-6ff7-4b80-ad76-4dc59de2af37
B-01,CMS108FHIRVTEProphylaxis,96c7b8e3-2c28-4b46-a579-f56d644cf762
B-01,CMS135FHIRACEIorARBorARNIforHF,9709553b-acb2-4267-a57f-ae9d51e82659
B-01,CMS645FHIRBoneDensityPCADTherapy,97b72f42-08ae-4f6e-a7c9-1aa42f33ca90
B-01,CMS149FHIRDementiaCognitiveAssess,980e3550-6c75-4c4d-a64d-0657107e7cec
B-01,CMS72FHIRSTKAntithromboticDay2,9843e92a-751f-4b3c-86b8-50397a64c8fd
B-01,NHSNAcuteCareHospitalMonthlyInitialPopulation1,98561005-400a-4b9d-8902-f04605b6b168
B-01,CMS72FHIRSTKAntithromboticDay2,9915271c-d175-41e1-8550-2f698a2b9dc7
B-01,CMS129FHIRProstCaBoneScanUse,991879e8-a1e3-4014-a71b-7c6bdfbc9748
B-01,CMS347FHIRStatinPreventionTxCVD,9933efe1-3258-4c1b-8162-258f85831467
B-01,CMS104FHIRSTKDCAntithrombotic,999617b0-b41a-4a82-910d-f707ce1d7779
B-01,CMS347FHIRStatinPreventionTxCVD,99ab4b63-b8b7-432c-91a6-fb38ba7203dd
B-01,CMS149FHIRDementiaCognitiveAssess,99f28510-d75f-48d3-9f36-69739bc27419
B-01,CMS190FHIRVTEProphylaxisICU,99fbf673-e18e-43db-bccf-6edc67fcb13f
B-01,CMS347FHIRStatinPreventionTxCVD,9a06f385-0bed-4f35-9af4-1ff7971c07f5
B-01,CMS72FHIRSTKAntithromboticDay2,9a297d79-90eb-46f1-9068-1a7c7b6c7147
B-01,CMS72FHIRSTKAntithromboticDay2,9a42c820-29ec-464e-b2f5-eb8114985a0c
B-01,CMS72FHIRSTKAntithromboticDay2,9a8c51a0-bf53-42b6-927d-c1f90b81a31a
B-01,CMS1264FHIRECATREHQR,9b5e4d84-366b-4082-8409-b7e18e0a3c45
B-01,CMS771FHIRUrinarySymptomScoreBPH,9b637e49-9b8a-48c1-8304-ec5984bc47fa
B-01,CMS1264FHIRECATREHQR,9bac5045-01af-4350-b54f-63ab17f3ba9f
B-01,CMS771FHIRUrinarySymptomScoreBPH,9be591a0-517b-4be2-b652-a29be0c75c15
B-01,CMS72FHIRSTKAntithromboticDay2,9bfee327-99be-48de-ba09-5b64e4435f8d
B-01,CMS645FHIRBoneDensityPCADTherapy,9bff7002-9697-407d-a42b-9debdafc9695
B-01,CMS347FHIRStatinPreventionTxCVD,9c2afd42-581e-418b-9eaa-3ddf4918c9ac
B-01,CMS145FHIRCADBBlockerTPMIorLVSD,9cc50dc3-f081-4ab6-bf6d-cbfabb5a2e89
B-01,CMS144FHIRHFBetaBlockerForLVSD,9d197057-c39b-4799-ab3a-b81df7a6199b
B-01,CMS129FHIRProstCaBoneScanUse,9d5d4ffe-710e-4b5d-b84a-ba4ed2de06dd
B-01,CMS645FHIRBoneDensityPCADTherapy,9eb59f31-41dc-401b-9057-b8c8361f116c
B-01,CMS1264FHIRECATREHQR,9ec1a135-fb47-4c1c-8f6b-98afab15274e
B-01,CMS104FHIRSTKDCAntithrombotic,9f18a5c2-e59f-4582-91b5-401a86234284
B-01,CMS72FHIRSTKAntithromboticDay2,9f4bc5cc-b5a4-4d67-a11f-9f171b62fd9f
B-01,CMS1264FHIRECATREHQR,9f77830b-ff7c-4060-bf38-295b215ab56d
B-01,CMS347FHIRStatinPreventionTxCVD,a0202aaf-756f-4d08-8329-8fd585ddda63
B-01,CMS347FHIRStatinPreventionTxCVD,a03e2988-3bed-4fc5-b1e7-70eac99f0612
B-01,CMS72FHIRSTKAntithromboticDay2,a0ced1fb-191d-404b-80f4-761e51cf9de2
B-01,CMS996FHIRAptTxforSTEMI,a0de0e88-9054-45d4-a417-3b9ea5ebe78a
B-01,CMS1264FHIRECATREHQR,a11dce52-c6b3-46e5-bc01-8994b0c8f471
B-01,CMS72FHIRSTKAntithromboticDay2,a1a37483-1a67-4dd9-a8ca-b4d49a28a19d
B-01,CMS645FHIRBoneDensityPCADTherapy,a1b4a442-e924-4565-a942-42ad54d2b14f
B-01,NHSNAcuteCareHospitalMonthlyInitialPopulation1,a1ec5d8e-4926-456a-8523-786a93f2348b
B-01,CMS129FHIRProstCaBoneScanUse,a20036b7-297c-4adb-a7f4-4762c75f44f5
B-01,CMS144FHIRHFBetaBlockerForLVSD,a245856e-f7bf-46a8-8742-f84d87c6d5ef
B-01,CMS190FHIRVTEProphylaxisICU,a2563ca7-fda7-4cfd-a5cf-a688225749e2
B-01,CMS72FHIRSTKAntithromboticDay2,a2cb4956-d7e5-45a9-8007-80dcb893203c
B-01,CMS347FHIRStatinPreventionTxCVD,a3169726-4d3d-4a3f-8175-67fd795191a5
B-01,CMS1264FHIRECATREHQR,a3dd602c-cd84-4e7a-aa37-eae4b15fdf4e
B-01,CMS108FHIRVTEProphylaxis,a3e0cca4-bdb1-4972-b6ca-84841cb66859
B-01,CMS135FHIRACEIorARBorARNIforHF,a40966e2-5640-409f-9596-65c03db31424
B-01,CMS1264FHIRECATREHQR,a42d4cc2-24ca-4637-889f-276bcdd1e7cf
B-01,CMS144FHIRHFBetaBlockerForLVSD,a45954f4-f511-4409-8d7a-6ad606d1e5e2
B-01,CMS135FHIRACEIorARBorARNIforHF,a486908c-84c0-42af-96d2-efe65453833f
B-01,CMS645FHIRBoneDensityPCADTherapy,a5307581-654f-415f-912f-cec5e9dc00dc
B-01,CMS145FHIRCADBBlockerTPMIorLVSD,a579d7e2-37c4-47ea-937d-524bba26ba2f
B-01,CMS129FHIRProstCaBoneScanUse,a5ee17bd-75d5-4cdc-b2eb-bf22014b7ba6
B-01,CMS72FHIRSTKAntithromboticDay2,a5feebb4-d3c0-4435-aed5-9579b75a8a52
B-01,CMS144FHIRHFBetaBlockerForLVSD,a6c8dee0-0110-4814-ae0d-37a2a03b2f72
B-01,CMS347FHIRStatinPreventionTxCVD,a779556b-5041-4d85-9c5f-9af223961ff2
B-01,CMS104FHIRSTKDCAntithrombotic,a7b90108-4f50-4164-87b9-73817e9fdac2
B-01,CMS347FHIRStatinPreventionTxCVD,a7f7eb97-a44f-4394-bff6-0485ae59bc9e
B-01,CMS108FHIRVTEProphylaxis,a8083d97-85af-4e1e-8770-30c49a287194
B-01,CMS104FHIRSTKDCAntithrombotic,a86dcf01-3c5f-43ca-a426-c118d5974332
B-01,CMS72FHIRSTKAntithromboticDay2,a938e0ff-51b3-4001-b33e-5fd2c00a9147
B-01,CMS145FHIRCADBBlockerTPMIorLVSD,a994dd9f-d7b0-441d-8358-1287d75836de
B-01,CMS135FHIRACEIorARBorARNIforHF,a995bd9f-dec6-44fd-9b1f-458509443b91
B-01,CMS104FHIRSTKDCAntithrombotic,a9c3e62b-fd84-4701-8024-7e3e60af9ed1
B-01,CMS72FHIRSTKAntithromboticDay2,aadbfade-4898-4931-9e11-e5d7ba64ab27
B-01,CMS145FHIRCADBBlockerTPMIorLVSD,aafbe467-9603-443a-8397-d5c337ebbdc6
B-01,CMS72FHIRSTKAntithromboticDay2,ab024aef-425c-43ba-a856-882a3e3c91f1
B-01,CMS72FHIRSTKAntithromboticDay2,ab28178c-eadb-41a3-861e-ee22c8f12d16
B-01,CMS129FHIRProstCaBoneScanUse,ab43793d-af43-4960-8b9f-012f23a08822
B-01,CMS135FHIRACEIorARBorARNIforHF,ab7f5ace-9ac6-4077-bee9-444abeac4f51
B-01,CMS72FHIRSTKAntithromboticDay2,ac23e6a6-3f36-49db-9eba-2da744a41c57
B-01,CMS104FHIRSTKDCAntithrombotic,ac56c496-c5d6-4c23-be20-130ee8327fd2
B-01,CMS72FHIRSTKAntithromboticDay2,ad35c913-a8ba-4d29-b6e9-8652aa5ca20c
B-01,CMS135FHIRACEIorARBorARNIforHF,ad471f87-60ee-48b9-95b8-80f35eb230dd
B-01,CMS104FHIRSTKDCAntithrombotic,ad8c4056-7c25-4dba-a861-ec201afd16fb
B-01,CMS771FHIRUrinarySymptomScoreBPH,ae8b8236-bf9b-47f9-9c71-4655bca14aba
B-01,CMS108FHIRVTEProphylaxis,afad0252-21ef-48ee-9a5a-33dab92d8709
B-01,CMS347FHIRStatinPreventionTxCVD,afd6fd51-72ff-41fa-9cec-7591ab6f5a51
B-01,CMS145FHIRCADBBlockerTPMIorLVSD,b05ea6cd-9b35-4798-b15d-edc8593c2d33
B-01,CMS145FHIRCADBBlockerTPMIorLVSD,b19af44d-fb1c-4e78-a0dd-170c6b61718f
B-01,CMS135FHIRACEIorARBorARNIforHF,b2abcd36-fabd-4d6e-93c4-2dd430f4969e
B-01,CMS645FHIRBoneDensityPCADTherapy,b2fd08f5-6a75-4221-8b2d-eb28f45ed981
B-01,CMS72FHIRSTKAntithromboticDay2,b3043789-f91a-42f6-848d-6bfd7df331fe
B-01,CMS1264FHIRECATREHQR,b312fbc9-083f-4832-8d7c-d3e64df4145b
B-01,CMS347FHIRStatinPreventionTxCVD,b35ba523-abea-4848-8dac-256c1727447c
B-01,CMS645FHIRBoneDensityPCADTherapy,b3d69ee8-375d-4039-9b92-c829cf29e154
B-01,CMS996FHIRAptTxforSTEMI,b4219e21-be97-4f81-8a31-fee0035179c8
B-01,CMS72FHIRSTKAntithromboticDay2,b4cd9b20-6d41-4034-907c-b24e362a0699
B-01,CMS104FHIRSTKDCAntithrombotic,b536acae-02c7-4c6e-914b-4ea199d98f79
B-01,CMS72FHIRSTKAntithromboticDay2,b569157b-b263-4b72-ab40-132bea1d8f71
B-01,CMS145FHIRCADBBlockerTPMIorLVSD,b65680a0-9768-4ce4-b08d-972fcd84e28e
B-01,CMS144FHIRHFBetaBlockerForLVSD,b6995e3c-319c-45f1-8aca-4db81b6730f6
B-01,CMS135FHIRACEIorARBorARNIforHF,b6db1aac-34f4-4883-a728-ba988a26c3de
B-01,CMS144FHIRHFBetaBlockerForLVSD,b7060d53-0742-484c-a9b9-3ff63fbb8d5c
B-01,CMS347FHIRStatinPreventionTxCVD,b708e603-c09f-4798-9631-4603653c1380
B-01,CMS144FHIRHFBetaBlockerForLVSD,b74609f2-2fe7-4969-8b2b-215e7c21dfce
B-01,CMS646FHIRIntravesicalBCGTherapy,b786e9d7-b4ae-4cd1-b7eb-a6d4f789424e
B-01,CMS129FHIRProstCaBoneScanUse,b7a34d3f-446e-4a40-adff-595b8614977c
B-01,CMS135FHIRACEIorARBorARNIforHF,b7d36e19-a42e-4b09-a83f-4525cd7de100
B-01,CMS72FHIRSTKAntithromboticDay2,b86e54d1-f8ca-44b6-99a5-d455c5649104
B-01,CMS104FHIRSTKDCAntithrombotic,b9d52b97-7602-457d-a96d-a1950a01b42a
B-01,CMS129FHIRProstCaBoneScanUse,ba2a14bb-ba5f-4fd9-b676-ed0808280f23
B-01,CMS104FHIRSTKDCAntithrombotic,ba8bb5f1-966b-4ac1-a311-b2550c0e4858
B-01,CMS144FHIRHFBetaBlockerForLVSD,bc710459-b3f7-4a3b-a640-3bf541fea336
B-01,CMS771FHIRUrinarySymptomScoreBPH,bc79e5bc-237e-44be-b5fc-c5c4efb50286
B-01,CMS72FHIRSTKAntithromboticDay2,bda91aac-a815-4a22-b505-36cef1080d49
B-01,CMS347FHIRStatinPreventionTxCVD,be29ff82-9191-4b5f-91ca-cc5590fea905
B-01,CMS771FHIRUrinarySymptomScoreBPH,bf0200ab-3e37-4e90-8517-ffb351f2e563
B-01,CMS771FHIRUrinarySymptomScoreBPH,bf0f8968-c2c0-4416-88db-11ea3e3da968
B-01,CMS347FHIRStatinPreventionTxCVD,bf38398e-4c04-4808-af1c-ea0c86b44d45
B-01,NHSNAcuteCareHospitalMonthlyInitialPopulation1,bf9e53b4-e10c-4a11-a9be-8d5b944c1d51
B-01,CMS145FHIRCADBBlockerTPMIorLVSD,bfacfb96-e784-4346-bf29-a20359dc0ba5
B-01,CMS347FHIRStatinPreventionTxCVD,bfb8c317-cc95-41cc-9d3d-e1e66dd5b168
B-01,CMS1264FHIRECATREHQR,bfc497aa-308c-4113-9a36-21c6e17c3802
B-01,CMS129FHIRProstCaBoneScanUse,bfed65eb-7ece-4d24-8470-4e9803b6b7f7
B-01,CMS347FHIRStatinPreventionTxCVD,c00d7354-2160-48f4-a251-1fcf892d1b42
B-01,CMS72FHIRSTKAntithromboticDay2,c014ff5d-792f-45c9-9659-4999537005b0
B-01,CMS129FHIRProstCaBoneScanUse,c0736fec-a1e6-4d86-b39e-2d2bbca87a09
B-01,CMS129FHIRProstCaBoneScanUse,c123c20a-c9c3-4acd-bead-8cc61e2ba29f
B-01,CMS129FHIRProstCaBoneScanUse,c143148d-84ca-433a-a312-37c3f92b61cc
B-01,CMS104FHIRSTKDCAntithrombotic,c15bee15-84c1-494a-ac82-2159b06da175
B-01,NHSNAcuteCareHospitalMonthlyInitialPopulation1,c1b0ea0e-73e8-4b74-bbae-4cf2504fa9e4
B-01,CMS72FHIRSTKAntithromboticDay2,c1ee2b07-f5a7-451c-8bc5-cb97b1cbcca2
B-01,CMS129FHIRProstCaBoneScanUse,c3180c8f-a14b-4c8f-8a3f-6f092f3df8c3
B-01,CMS1264FHIRECATREHQR,c3284314-fe9b-408a-9b26-a21830f84432
B-01,CMS72FHIRSTKAntithromboticDay2,c48c3487-44cf-4a09-bc17-e60e66d19002
B-01,NHSNGlycemicControlHypoglycemiaInitialPopulation,c4d785a5-a3fa-463b-b9ca-91d60eeb3dab
B-01,CMS72FHIRSTKAntithromboticDay2,c5085136-65ef-498f-8aa9-449bf48f6a63
B-01,CMS129FHIRProstCaBoneScanUse,c55f6f6d-e355-4280-9e5d-d21fc00b5c3e
B-01,CMS144FHIRHFBetaBlockerForLVSD,c58e088d-0b16-4e3d-aaad-3577cdec75d3
B-01,CMS645FHIRBoneDensityPCADTherapy,c5bfac21-0dbf-4cf5-bc92-d7eff1d0a6c6
B-01,CMS347FHIRStatinPreventionTxCVD,c686053c-d4b7-45b7-9ebb-19080a24f031
B-01,CMS72FHIRSTKAntithromboticDay2,c7382fb6-053b-4424-b5c2-87d79179b016
B-01,CMS347FHIRStatinPreventionTxCVD,c77c84ce-f0a9-4949-a8d7-4413565db083
B-01,CMS72FHIRSTKAntithromboticDay2,c787d9c8-9645-4da6-a607-85dbefdf129e
B-01,CMS72FHIRSTKAntithromboticDay2,c84cc10b-29f5-41cb-84a7-fbb23f52e0d5
B-01,CMS145FHIRCADBBlockerTPMIorLVSD,c9a8b77a-d6fb-4c6d-a5cb-6c71bcf6baeb
B-01,CMS72FHIRSTKAntithromboticDay2,cb7c95fc-6d6b-4e07-81e8-a79385142b94
B-01,CMS771FHIRUrinarySymptomScoreBPH,cb9497a6-968f-4034-b85c-d254c07e34e5
B-01,CMS347FHIRStatinPreventionTxCVD,cbb6a940-7c9b-4d80-b9be-39a029f6f0b0
B-01,CMS347FHIRStatinPreventionTxCVD,cbc1d484-f7a2-43f3-b091-e362d9bb770e
B-01,CMS108FHIRVTEProphylaxis,cbd1de91-441a-4588-b000-2e589d099ab6
B-01,CMS1264FHIRECATREHQR,cc00e728-de5f-4df8-abcb-1e610496be66
B-01,CMS1264FHIRECATREHQR,cc01e29c-7ebb-4876-b63a-29de550c62f9
B-01,CMS72FHIRSTKAntithromboticDay2,cc23329d-6635-4347-8669-a98c921f4381
B-01,CMS347FHIRStatinPreventionTxCVD,cc9d23e6-2322-4b1c-8a8b-29f6f92c89f1
B-01,CMS506FHIRSafeUseofOpioids,cdb80ca8-b110-436d-83e8-b339ebc09a44
B-01,CMS144FHIRHFBetaBlockerForLVSD,cdcbc425-203d-4ebb-81f3-8d5f50253eed
B-01,CMS144FHIRHFBetaBlockerForLVSD,ce22375e-abe0-4fd5-a4ad-07d8a6056045
B-01,CMS1264FHIRECATREHQR,cee26b56-54cf-444e-8944-6edfbd6d2b93
B-01,CMS104FHIRSTKDCAntithrombotic,cf0c5672-d86d-47fa-b13b-9bdb299c1d47
B-01,CMS347FHIRStatinPreventionTxCVD,cf1d9246-dbe4-4c59-a955-e2301e37732b
B-01,CMS1173FHIRDiagnosticDelayVTE,cfa235c3-3b8b-4cbb-a78f-5c4fd2af04df
B-01,CMS104FHIRSTKDCAntithrombotic,cfe6d907-c9fa-4d4c-9889-803315e8f707
B-01,CMS347FHIRStatinPreventionTxCVD,d06256e5-091f-445e-898f-b8c31d8d3772
B-01,CMS645FHIRBoneDensityPCADTherapy,d07cf359-d46c-4adf-b2d4-e02a2f43b78e
B-01,CMS72FHIRSTKAntithromboticDay2,d0a59b97-c3ab-4028-9109-a31359a93c47
B-01,CMS135FHIRACEIorARBorARNIforHF,d18e37a6-7b66-4e7c-b305-692872c13f8d
B-01,CMS1264FHIRECATREHQR,d1b64acd-58bc-4831-b150-a80b4240d6b1
B-01,CMS145FHIRCADBBlockerTPMIorLVSD,d1b682be-c26e-44cc-8ac4-18c81760a4a3
B-01,CMS104FHIRSTKDCAntithrombotic,d21be273-87ad-4ab5-a936-9de820872e73
B-01,CMS145FHIRCADBBlockerTPMIorLVSD,d280cb74-871e-4191-b06a-4b700959a974
B-01,CMS347FHIRStatinPreventionTxCVD,d3a48d69-2269-472a-9c27-da2c658e8c68
B-01,CMS1264FHIRECATREHQR,d3a7a6b7-bbbc-4c08-bd8c-ce1e1cbdc8a8
B-01,CMS72FHIRSTKAntithromboticDay2,d496f08e-c55b-44b1-97a7-f86cf9ead1e2
B-01,CMS190FHIRVTEProphylaxisICU,d5d8e66a-01da-462b-95b6-e47b16285b1f
B-01,CMS1264FHIRECATREHQR,d5fe6f9c-6036-4004-9993-290f3a2be34a
B-01,CMS190FHIRVTEProphylaxisICU,d665c40d-2323-471f-9642-983472d2be7b
B-01,CMS129FHIRProstCaBoneScanUse,d6c602b4-8853-486f-8189-386d08799146
B-01,CMS135FHIRACEIorARBorARNIforHF,d7067d60-b722-4bba-b78e-682d86c0b48e
B-01,CMS190FHIRVTEProphylaxisICU,d70dcaf9-4e69-4395-9612-ee1e156f6184
B-01,NHSNAcuteCareHospitalMonthlyInitialPopulation1,d7aad5bd-638e-402a-92b3-2fb7f3f91151
B-01,CMS72FHIRSTKAntithromboticDay2,d82d5f38-a1b7-4f28-a3db-25f42f7e64b2
B-01,CMS1264FHIRECATREHQR,d8832769-c838-4f1b-9c1e-fa4ed3a3efb9
B-01,CMS129FHIRProstCaBoneScanUse,d8b7ff4e-67bb-480d-b2c1-77db6ab0ef1e
B-01,CMS104FHIRSTKDCAntithrombotic,d8ea50e2-e1a9-41ae-ac73-480bb198d963
B-01,CMS347FHIRStatinPreventionTxCVD,d9d151d1-9bd3-40ce-a2c1-cb8a985328fc
B-01,CMS347FHIRStatinPreventionTxCVD,d9f94b3d-5bba-4965-8364-1d7c87957c3e
B-01,CMS347FHIRStatinPreventionTxCVD,da34c14f-672e-4f66-827b-3eb08d97559e
B-01,CMS72FHIRSTKAntithromboticDay2,da480fb9-7501-46f5-9575-f15a638bc751
B-01,CMS347FHIRStatinPreventionTxCVD,da5f94c9-9d0c-42ea-ab7f-dd3a92a04ceb
B-01,CMS1264FHIRECATREHQR,dac89c3d-536e-4dca-9871-570a0bcd8d16
B-01,CMS145FHIRCADBBlockerTPMIorLVSD,dad1f2c7-c45e-4287-9abf-e7e6ff90f2ff
B-01,CMS1264FHIRECATREHQR,dad5b672-1e5b-437c-91fe-1f69b5d58c70
B-01,CMS104FHIRSTKDCAntithrombotic,db5afa02-02e2-4c0d-88c8-d3c0682333a1
B-01,CMS145FHIRCADBBlockerTPMIorLVSD,dbb4d4b0-06a5-4354-9dbc-072c01709a3a
B-01,CMS347FHIRStatinPreventionTxCVD,dbca4643-bd37-4e01-8024-fb7c70692fe9
B-01,CMS72FHIRSTKAntithromboticDay2,dc187313-245c-4ed6-b6bb-fcb94c117fec
B-01,CMS129FHIRProstCaBoneScanUse,dcdb253e-ebd6-4c16-b632-9a56bcec4541
B-01,CMS72FHIRSTKAntithromboticDay2,dd40e582-8c3f-44a2-b781-84acead6120f
B-01,CMS145FHIRCADBBlockerTPMIorLVSD,dd4e465a-3796-4d5d-af53-3e2ab1e4041b
B-01,CMS104FHIRSTKDCAntithrombotic,dd6c17ad-396b-4ff5-9538-e06da5f0a39c
B-01,CMS72FHIRSTKAntithromboticDay2,de4005d0-549c-40bb-93b9-26650c194d04
B-01,CMS144FHIRHFBetaBlockerForLVSD,de470536-41fa-4b2f-8355-2790e90ece22
B-01,CMS347FHIRStatinPreventionTxCVD,df05b853-3e6d-4a12-b1db-fd9d0ec790a2
B-01,CMS1264FHIRECATREHQR,dfd5dc6b-3299-4e4f-ae02-45f251e1f75b
B-01,CMS149FHIRDementiaCognitiveAssess,e00c927a-f454-4611-97b2-e3e2bdfed182
B-01,CMS72FHIRSTKAntithromboticDay2,e0286677-4610-4138-b9fe-3ed648ed45f8
B-01,CMS347FHIRStatinPreventionTxCVD,e0813324-b2e0-4138-99f4-696f03c3db30
B-01,CMS104FHIRSTKDCAntithrombotic,e081bee5-67f8-464f-9356-9b287e32a35a
B-01,CMS645FHIRBoneDensityPCADTherapy,e0997418-e22b-4aa9-805b-dde2c398787b
B-01,CMS72FHIRSTKAntithromboticDay2,e0bae301-79a4-48b0-a174-5eb1bd6cf19e
B-01,CMS135FHIRACEIorARBorARNIforHF,e1182b17-1292-4473-bd9e-c70e3846ca0b
B-01,CMS104FHIRSTKDCAntithrombotic,e13ab79b-1b28-4a37-96cc-e63baa5f88cd
B-01,CMS347FHIRStatinPreventionTxCVD,e1c47dc2-2705-4c32-8000-415987028df9
B-01,CMS149FHIRDementiaCognitiveAssess,e1e5ecba-2f9f-41c6-9bd2-2a1bc26a0273
B-01,CMS347FHIRStatinPreventionTxCVD,e20a62fd-329e-44d7-8767-1951f9392396
B-01,CMS506FHIRSafeUseofOpioids,e24d8c71-61dc-4e0d-bfc1-a5ebc186706d
B-01,CMS129FHIRProstCaBoneScanUse,e290d85d-647e-4776-975a-0cbd7eaffbf4
B-01,CMS347FHIRStatinPreventionTxCVD,e2edb18a-fb70-43cc-b680-6f933af7d182
B-01,CMS347FHIRStatinPreventionTxCVD,e55d9fc4-44e6-4f00-bf53-b82a5b646222
B-01,CMS145FHIRCADBBlockerTPMIorLVSD,e64fd85a-d643-423d-9e3f-d4838e181aa9
B-01,CMS347FHIRStatinPreventionTxCVD,e656adac-2016-40a4-833f-0c5a02952ba3
B-01,CMS104FHIRSTKDCAntithrombotic,e6f270ed-ddb3-43cf-a2f7-ef26df352d4d
B-01,CMS347FHIRStatinPreventionTxCVD,e7908699-646c-410f-9c1f-76539b412955
B-01,CMS72FHIRSTKAntithromboticDay2,e89c4eae-404c-44b9-8be5-c8a8b481813a
B-01,CMS104FHIRSTKDCAntithrombotic,e8e62dbf-ce54-4f04-b2d9-f574b8ded2c4
B-01,CMS104FHIRSTKDCAntithrombotic,e9074892-9513-48d7-999e-afeace427512
B-01,CMS771FHIRUrinarySymptomScoreBPH,e90d90a7-3071-44de-8089-ad7b6f5f3e5d
B-01,CMS1264FHIRECATREHQR,e982ec87-76b0-4fe2-b437-ac0503cf2159
B-01,CMS104FHIRSTKDCAntithrombotic,ea41e48d-7b6d-4c9e-a8a1-f9c4bcf30785
B-01,CMS108FHIRVTEProphylaxis,ea49dc35-7378-4436-aa37-53ec9f13b05d
B-01,CMS72FHIRSTKAntithromboticDay2,ea737165-ca06-4304-9964-c157d504c3ee
B-01,CMS1264FHIRECATREHQR,eabe386d-5bca-4fdd-acb0-8228b4df83c0
B-01,CMS72FHIRSTKAntithromboticDay2,eafd6c1f-c099-48b8-8101-b24b4a49cd0b
B-01,CMS104FHIRSTKDCAntithrombotic,eb5173bb-769a-4c95-b0e9-362a271f72ea
B-01,CMS129FHIRProstCaBoneScanUse,eb735e04-483b-4fa9-ac2d-e73918acd50e
B-01,CMS108FHIRVTEProphylaxis,eb754c68-82c7-48cd-a2f0-26ee1cd92544
B-01,CMS144FHIRHFBetaBlockerForLVSD,ec0aa07d-f1b1-4c5d-a9f3-e5bbdd77cdfa
B-01,NHSNAcuteCareHospitalMonthlyInitialPopulation1,ec296057-82c9-41b2-9e32-8ec2ea4f3687
B-01,CMS129FHIRProstCaBoneScanUse,ed027d3a-1e21-4c66-8357-cfe1d05ae918
B-01,CMS135FHIRACEIorARBorARNIforHF,ed36c619-3ef8-44ca-86fa-1993920d76ef
B-01,CMS135FHIRACEIorARBorARNIforHF,ed37e316-c721-4a98-91d7-862f5ece7187
B-01,CMS104FHIRSTKDCAntithrombotic,ed5ae1dd-5a2e-4b69-9044-1f4cbed2fcfc
B-01,CMS1264FHIRECATREHQR,ed5fa616-8b70-4016-b40d-6f87983e2776
B-01,CMS72FHIRSTKAntithromboticDay2,ed638412-155e-4349-8461-4550fd4fae3b
B-01,CMS72FHIRSTKAntithromboticDay2,edd8668f-d541-4869-9bb6-02e9e2c2509d
B-01,CMS645FHIRBoneDensityPCADTherapy,ee053d16-adcb-4760-9305-6a553d789d9a
B-01,CMS1264FHIRECATREHQR,ee13a2d8-61d9-4d2f-8f13-1423bd271950
B-01,CMS347FHIRStatinPreventionTxCVD,eea87300-5d3f-4c9f-8835-9245b4e19059
B-01,CMS129FHIRProstCaBoneScanUse,eeaa3999-225d-45e8-befa-56076faffc78
B-01,CMS645FHIRBoneDensityPCADTherapy,eeea0041-7128-42e5-bb00-3b842ea97c83
B-01,CMS108FHIRVTEProphylaxis,ef0bebdc-61bf-4233-abd3-1f3c99a2cd8d
B-01,CMS135FHIRACEIorARBorARNIforHF,ef395d2c-85a3-41a2-b6cb-37c4ff5217dc
B-01,CMS347FHIRStatinPreventionTxCVD,ef3f90d1-4954-40bd-b230-e44ffa98ed29
B-01,CMS996FHIRAptTxforSTEMI,ef443a3d-6cde-467d-b374-d90a2f244e83
B-01,CMS129FHIRProstCaBoneScanUse,ef8cad07-6254-4461-ba1a-86aaf95eeb6e
B-01,CMS190FHIRVTEProphylaxisICU,efad4991-4382-4ceb-8bc4-32e8ac088e47
B-01,CMS144FHIRHFBetaBlockerForLVSD,f00cb244-a7cc-408f-ab47-7c3ac82469b1
B-01,CMS129FHIRProstCaBoneScanUse,f01072cb-c5a0-4c51-a24a-3fa503fe41fb
B-01,CMS190FHIRVTEProphylaxisICU,f028ed8f-f83b-4c77-bb08-2c4df7694a12
B-01,CMS72FHIRSTKAntithromboticDay2,f0d37c4e-7377-4876-8533-f955963f96f9
B-01,CMS347FHIRStatinPreventionTxCVD,f101bf69-38b2-4c86-9978-727c665dfb31
B-01,CMS347FHIRStatinPreventionTxCVD,f120b2b6-40ba-4ae3-b087-c64e8e3bdf11
B-01,CMS771FHIRUrinarySymptomScoreBPH,f1ccd667-ada1-4ca8-b4dc-fe4a9674d81a
B-01,CMS72FHIRSTKAntithromboticDay2,f25baf5f-2980-416c-a8ef-3b9e42d751c3
B-01,NHSNGlycemicControlHypoglycemiaInitialPopulation,f3a5ce49-9f1f-455b-8f44-2389c61d5850
B-01,CMS347FHIRStatinPreventionTxCVD,f3b17514-f40d-43f9-baa9-a0418142ca98
B-01,CMS645FHIRBoneDensityPCADTherapy,f3f9227e-50eb-4752-af8a-464072cc60c2
B-01,CMS996FHIRAptTxforSTEMI,f4df05b5-547b-45d2-bc18-8fcbd5afbaf7
B-01,CMS129FHIRProstCaBoneScanUse,f4f5d8a4-99b7-4ace-af89-75e6af754713
B-01,CMS347FHIRStatinPreventionTxCVD,f51f9a0a-9895-4c16-9fc5-fcbe5e9cc79d
B-01,CMS129FHIRProstCaBoneScanUse,f561d914-95ab-4519-9b02-b9570ea69d48
B-01,CMS144FHIRHFBetaBlockerForLVSD,f5c049d5-d1b8-413b-bdad-ff54a5d20df3
B-01,CMS646FHIRIntravesicalBCGTherapy,f5c2b6b4-4458-4be5-8c3b-20d2fb0ad36c
B-01,CMS72FHIRSTKAntithromboticDay2,f5f317c7-69f1-4a89-850a-8a58789c80f2
B-01,CMS645FHIRBoneDensityPCADTherapy,f67164ab-356d-4fb6-afcb-169aaa7fe3f4
B-01,CMS144FHIRHFBetaBlockerForLVSD,f6cdc95d-7796-4dad-a5da-d2e1fddc8687
B-01,CMS104FHIRSTKDCAntithrombotic,f705cc70-0d7d-4dc1-88f7-9b37ab5290d2
B-01,CMS996FHIRAptTxforSTEMI,f7d55d17-b25e-4923-a880-dd79ef092ba6
B-01,CMS347FHIRStatinPreventionTxCVD,f8563fcf-4e09-4309-841b-bcce373bc4b2
B-01,CMS190FHIRVTEProphylaxisICU,f8f09c1f-37fc-4088-a39d-710971b626b7
B-01,CMS347FHIRStatinPreventionTxCVD,f925afe3-4a77-404d-ba92-e78740f37d15
B-01,CMS145FHIRCADBBlockerTPMIorLVSD,f929563b-a5a0-4d55-9613-d75d383d3c6a
B-01,CMS347FHIRStatinPreventionTxCVD,f944825a-367c-46c5-b753-d59f088038d2
B-01,CMS145FHIRCADBBlockerTPMIorLVSD,f9a24bdb-a835-4851-8e50-eb11a5c9fb50
B-01,CMS347FHIRStatinPreventionTxCVD,fa446b35-031d-4eb5-b7f1-5782580e5209
B-01,CMS72FHIRSTKAntithromboticDay2,fac8c35b-89c4-4ff0-bf5b-32147a59e18f
B-01,CMS144FHIRHFBetaBlockerForLVSD,faf3e31d-533a-484f-9b9d-4ded0c32c84f
B-01,CMS135FHIRACEIorARBorARNIforHF,fb38d345-4723-46b4-a269-8b4fd8982bc7
B-01,CMS72FHIRSTKAntithromboticDay2,fba66844-a0b7-4a8b-a33b-d75df55e9fea
B-01,CMS347FHIRStatinPreventionTxCVD,fc82f4cb-7c62-41bd-9779-dd0f2e6e437f
B-01,CMS347FHIRStatinPreventionTxCVD,fcd4fe20-9013-4d1c-965b-1445f0088624
B-01,CMS149FHIRDementiaCognitiveAssess,fd115ded-69a6-4766-bdd9-d6364347401e
B-01,CMS145FHIRCADBBlockerTPMIorLVSD,fd5fb311-a466-4c59-966d-48fa7aa88931
B-01,CMS129FHIRProstCaBoneScanUse,fdadfa9f-9e7b-4d80-a00e-56e8759b47c1
B-01,CMS145FHIRCADBBlockerTPMIorLVSD,fdbc9919-4ab0-446a-8c0b-29ac687d8d3b
B-01,CMS104FHIRSTKDCAntithrombotic,fdd3fe25-b12c-4417-a999-91e4583f6cd4
B-01,CMS347FHIRStatinPreventionTxCVD,fe38b06e-b202-4620-a5ac-e2d0d99591d7
B-01,CMS72FHIRSTKAntithromboticDay2,fed17706-6d92-4092-a9b1-9b7e47847f2a
B-01,CMS72FHIRSTKAntithromboticDay2,fed7bfb0-5746-4029-a64c-f40cc30ce946
B-01,CMS72FHIRSTKAntithromboticDay2,ff9ea2c7-7a68-486d-809e-f0e2cd94d6eb
B-01,CMS145FHIRCADBBlockerTPMIorLVSD,ffab1562-be09-428c-9e96-e30868867493
E-23,CMS190FHIRVTEProphylaxisICU,002fcec4-89ed-42be-a7b7-41fa0acddf8c
E-23,CMS347FHIRStatinPreventionTxCVD,0045ec92-0b70-4961-8a7c-41b5c43d53a1
E-23,CMS144FHIRHFBetaBlockerForLVSD,00cd231f-4460-4d84-8e04-d8b0a04d8afd
E-23,CMS129FHIRProstCaBoneScanUse,019de843-7347-4a25-ad9e-2a4ca3a84054
E-23,CMS347FHIRStatinPreventionTxCVD,022c05d8-8337-4f1a-9d69-abb6500b1be5
E-23,CMS1028FHIRPCSevereOBComps,02cdc116-49ce-4277-ad9e-de6bc2a3274d
E-23,CMS347FHIRStatinPreventionTxCVD,031e746c-9c2c-4eea-acca-a26c8862c9d5
E-23,CMS149FHIRDementiaCognitiveAssess,0405033f-c6a4-4619-93da-14c9c5613d7b
E-23,CMS347FHIRStatinPreventionTxCVD,0438e6ec-b6c0-422d-b8c9-074e5f8d9af5
E-23,CMS149FHIRDementiaCognitiveAssess,04c67cc9-bf23-4f31-988c-8bac7e96f938
E-23,CMS771FHIRUrinarySymptomScoreBPH,051c5977-9f2c-4e8b-8e02-ac3ec0c718d6
E-23,CMS149FHIRDementiaCognitiveAssess,051c9480-438e-48d5-b91f-5f8f980b1f8b
E-23,CMS129FHIRProstCaBoneScanUse,056a27fa-04fc-45d6-bf3f-07482f8db4a8
E-23,CMS645FHIRBoneDensityPCADTherapy,05afd17d-f9a0-4588-bb3a-ffefd2f6c271
E-23,CMS347FHIRStatinPreventionTxCVD,06f036ce-62f0-4807-88d2-f3f8e70d2f31
E-23,CMS135FHIRACEIorARBorARNIforHF,072be19e-9540-452c-9d7f-03c104cffa97
E-23,CMS144FHIRHFBetaBlockerForLVSD,07efd4bb-b45d-4bfd-aeb2-08de49742d91
E-23,CMS129FHIRProstCaBoneScanUse,0c0256d2-a6d4-4ed3-bd95-ac7d88108b6c
E-23,CMS144FHIRHFBetaBlockerForLVSD,0d2e80d0-d70a-4eba-9bfe-23d1dfeb546e
E-23,CMS190FHIRVTEProphylaxisICU,0d48b3b3-c5f0-4955-810d-eb4f1b8714ca
E-23,CMS108FHIRVTEProphylaxis,0ddb05b5-03af-4d2a-9d9c-0be8034d1ff4
E-23,CMS145FHIRCADBBlockerTPMIorLVSD,10a6f006-eabc-4a40-80bd-2a135e45e597
E-23,CMS145FHIRCADBBlockerTPMIorLVSD,12fda733-0b5d-4f3d-93b2-59c35ba85898
E-23,CMS145FHIRCADBBlockerTPMIorLVSD,13ce1b7d-3af6-4ef3-a4ae-6cd7c3075be8
E-23,CMS135FHIRACEIorARBorARNIforHF,149c3a7c-2b80-47f8-b50d-5c1d233eedb7
E-23,CMS129FHIRProstCaBoneScanUse,187cc99d-9cb5-442f-8201-3695e5358101
E-23,CMS108FHIRVTEProphylaxis,1b450176-8caa-4133-bc9a-c066969f72ce
E-23,CMS145FHIRCADBBlockerTPMIorLVSD,1bbf669f-a5f6-4dde-a8b2-1be100394e18
E-23,CMS144FHIRHFBetaBlockerForLVSD,1d166b9e-0d11-4247-a9a8-f610f36a74f2
E-23,CMS645FHIRBoneDensityPCADTherapy,1dc53422-497d-492a-8aa4-8a165264a14d
E-23,CMS145FHIRCADBBlockerTPMIorLVSD,1f58a561-bf40-43dd-89a3-8d590013ee1c
E-23,CMS771FHIRUrinarySymptomScoreBPH,2105cba2-6e61-487d-a737-3efe876028e8
E-23,CMS771FHIRUrinarySymptomScoreBPH,228562c7-76c5-42e1-b4b6-0b952faa75c4
E-23,CMS144FHIRHFBetaBlockerForLVSD,2333a56a-8346-4afc-93a2-0626a9a1ac2d
E-23,CMS190FHIRVTEProphylaxisICU,24068f4d-3179-4f2f-872e-02e3b362cac0
E-23,CMS129FHIRProstCaBoneScanUse,24a5102c-7e6e-4ec6-8433-737b0fe8c854
E-23,CMS190FHIRVTEProphylaxisICU,25265601-4e27-4fe0-8d35-68ebac8f9894
E-23,CMS645FHIRBoneDensityPCADTherapy,2585c4a2-7b38-48e4-9317-19ddbbcfa107
E-23,CMS135FHIRACEIorARBorARNIforHF,27111f10-365a-4ec3-a918-f856c687211e
E-23,CMS645FHIRBoneDensityPCADTherapy,27fca7ba-ef00-44ec-8d97-919908f42495
E-23,CMS135FHIRACEIorARBorARNIforHF,298d5342-fa0a-4386-bf48-b9c977a1c367
E-23,CMS190FHIRVTEProphylaxisICU,298f3f92-5047-46fc-ad92-9f27887ffc55
E-23,CMS645FHIRBoneDensityPCADTherapy,2a1d8b51-131f-4552-90f7-59ca5a7979ce
E-23,CMS135FHIRACEIorARBorARNIforHF,2b0d7791-29b6-4f10-b72a-b6a50667770d
E-23,CMS771FHIRUrinarySymptomScoreBPH,3ab3ac1d-9b5e-4087-8862-dcb2562fb90f
E-23,CMS1028FHIRPCSevereOBComps,3d4b6868-31ce-42f8-87c1-ab06d851d53f
E-23,CMS1028FHIRPCSevereOBComps,4911c0c6-22e1-45ad-b39d-7e4d88c200d8
E-23,CMS771FHIRUrinarySymptomScoreBPH,4c234ec0-3f89-4d55-b767-219d1130f634
E-23,CMS1028FHIRPCSevereOBComps,4e9a1928-a33f-4be3-aa05-c69e9fc4bff7
E-23,CMS108FHIRVTEProphylaxis,52790be5-0f6e-4ebd-85f5-57f35db8b56b
E-23,CMS108FHIRVTEProphylaxis,543248c8-b6af-407d-b435-7e867c4770b4
E-23,CMS506FHIRSafeUseofOpioids,57da77da-de92-4ef5-9311-1d86e67c9de4
E-23,CMS506FHIRSafeUseofOpioids,5e76e39a-8a30-4035-8d44-3362f4826aa7
E-23,CMS108FHIRVTEProphylaxis,610c90c9-f387-40f8-9bd7-710d20dfd6f0
E-23,CMS149FHIRDementiaCognitiveAssess,67e19058-917d-43f8-98d3-d16730fc7d32
E-23,CMS506FHIRSafeUseofOpioids,81dc5bb4-3273-492a-beff-2f7b0394f3c8
E-23,CMS996FHIRAptTxforSTEMI,83e7cc74-5ae5-4fb9-922f-15faa555890a
E-23,CMS149FHIRDementiaCognitiveAssess,980e3550-6c75-4c4d-a64d-0657107e7cec
E-23,CMS996FHIRAptTxforSTEMI,a0de0e88-9054-45d4-a417-3b9ea5ebe78a
E-23,CMS996FHIRAptTxforSTEMI,b4219e21-be97-4f81-8a31-fee0035179c8
E-23,CMS506FHIRSafeUseofOpioids,cdb80ca8-b110-436d-83e8-b339ebc09a44
E-23,CMS506FHIRSafeUseofOpioids,e24d8c71-61dc-4e0d-bfc1-a5ebc186706d
E-23,CMS996FHIRAptTxforSTEMI,ef443a3d-6cde-467d-b374-d90a2f244e83
E-23,CMS996FHIRAptTxforSTEMI,f4df05b5-547b-45d2-bc18-8fcbd5afbaf7

