issue_id,measure_name,guid,group,note
I-67,CMS347FHIRStatinPreventionTxCVD,1ba7b147-b701-424c-bade-4e8270547030,,"ESRD Condition uses a start-only abatementPeriod to mean resolved 2025-12-31; the steward should use abatementDateTime or add an end. QI-Core passes only by accident (I-69, I-68)."
I-70,CMS646FHIRIntravesicalBCGTherapy,ab48e0c0-6543-4537-8f00-bfcdcba7a81b,,"Test expects Numerator 0 because BCG was given before staging results came back, but the CQL measures from the start of the staging Procedure and the BCG dose starts at the same moment (2026-04-02T08:00), so the case can't fail the Numerator. QI-Core passes only by accident (I-69: its start-only onsetPeriod nulls onset.toInterval())."
I-71,CMS996FHIRAptTxforSTEMI,f6c7dbc1-9ca7-46cd-bcbe-29d8fae4e847,,"Active thrombolytic allergy uses onsetPeriod.end to mean it ended before the ED visit; with no abatement, prevalenceInterval() correctly runs to end of time and overlaps the encounter. The steward should mark it resolved with an allergyintolerance-abatement extension, or expect Denominator Exclusion 1. QI-Core differs only because its CQL reads onset.toInterval() (CMS changed upstream in 6cccf5ce)."
I-72,CMS145FHIRCADBBlockerTPMIorLVSD,1f70822b-c513-4c3a-8162-49f0bb9c914b,,"Test expects no Group_2 Denominator Exception because the patient-reason beta-blocker not-ordered falls on the first visit, but the CQL accepts the reason at any qualifying visit, and both visits qualify. Twin case b19af44d (reason at the last visit) expects 1. The steward must change the expectation or the CQL in both versions. QI-Core passes only by accident (I-38: it scores the patient out of every population)."
I-73,CMS72FHIRSTKAntithromboticDay2,5a329008-fcc1-4168-ab9c-89cb5dd6ff32,,"Multi-encounter stroke case with one Claim (template id 5ca62962b8484628b8de1ec5) whose item.encounter references only one of the patient's inpatient encounters. TJC ""Ischemic Stroke Encounter"" takes the principal diagnosis from CQMCommon.claimDiagnosis(), which ignores reasonReference, so the other encounters drop out. The steward should add one Claim per stroke encounter or expect the single-encounter values. QI-Core returns 0 only by accident (I-38)."
I-73,CMS72FHIRSTKAntithromboticDay2,cb7c95fc-6d6b-4e07-81e8-a79385142b94,,"Multi-encounter stroke case with one Claim (template id 5ca62962b8484628b8de1ec5) whose item.encounter references only one of the patient's inpatient encounters. TJC ""Ischemic Stroke Encounter"" takes the principal diagnosis from CQMCommon.claimDiagnosis(), which ignores reasonReference, so the other encounters drop out. The steward should add one Claim per stroke encounter or expect the single-encounter values. QI-Core returns 0 only by accident (I-38)."
I-73,CMS72FHIRSTKAntithromboticDay2,febd4b3e-99bc-4c55-bba9-3b2136c2160b,,"Multi-encounter stroke case with one Claim (template id 5ca62962b8484628b8de1ec5) whose item.encounter references only one of the patient's inpatient encounters. TJC ""Ischemic Stroke Encounter"" takes the principal diagnosis from CQMCommon.claimDiagnosis(), which ignores reasonReference, so the other encounters drop out. The steward should add one Claim per stroke encounter or expect the single-encounter values. QI-Core returns 0 only by accident (I-38)."
I-73,CMS104FHIRSTKDCAntithrombotic,348471db-5aaa-4bf3-a280-75222f20d599,,"Multi-encounter stroke case with one Claim (template id 5ca62962b8484628b8de1ec5) whose item.encounter references only one of the patient's inpatient encounters. TJC ""Ischemic Stroke Encounter"" takes the principal diagnosis from CQMCommon.claimDiagnosis(), which ignores reasonReference, so the other encounters drop out. The steward should add one Claim per stroke encounter or expect the single-encounter values. QI-Core returns 0 only by accident (I-38)."
I-73,CMS104FHIRSTKDCAntithrombotic,451b6853-3734-4c1c-b37e-5904629e0350,,"Multi-encounter stroke case with one Claim (template id 5ca62962b8484628b8de1ec5) whose item.encounter references only one of the patient's inpatient encounters. TJC ""Ischemic Stroke Encounter"" takes the principal diagnosis from CQMCommon.claimDiagnosis(), which ignores reasonReference, so the other encounters drop out. The steward should add one Claim per stroke encounter or expect the single-encounter values. QI-Core returns 0 only by accident (I-38)."
I-73,CMS104FHIRSTKDCAntithrombotic,a2b8327c-eaf4-4552-863e-851426e729d4,,"Multi-encounter stroke case with one Claim (template id 5ca62962b8484628b8de1ec5) whose item.encounter references only one of the patient's inpatient encounters. TJC ""Ischemic Stroke Encounter"" takes the principal diagnosis from CQMCommon.claimDiagnosis(), which ignores reasonReference, so the other encounters drop out. The steward should add one Claim per stroke encounter or expect the single-encounter values. QI-Core returns 0 only by accident (I-38)."
I-73,CMS104FHIRSTKDCAntithrombotic,c15bee15-84c1-494a-ac82-2159b06da175,,"Multi-encounter stroke case with one Claim (template id 5ca62962b8484628b8de1ec5) whose item.encounter references only one of the patient's inpatient encounters. TJC ""Ischemic Stroke Encounter"" takes the principal diagnosis from CQMCommon.claimDiagnosis(), which ignores reasonReference, so the other encounters drop out. The steward should add one Claim per stroke encounter or expect the single-encounter values. QI-Core returns 0 only by accident (I-38)."
I-75,CMS72FHIRSTKAntithromboticDay2,be5c4068-2639-4b0c-bea3-5b7c80a6fe3b,,"PENDING SME CONFIRMATION. INR Observation valueQuantity has UCUM unit ""0"" and no code; UCUM reads ""0"" as a factor of zero, so INR 100 evaluates as 0 and the INR > 3.5 Denominator Exception can't fire. A dimensionless unit (unit/code ""1"") makes the case match. Same data in QI-Core."
